Name,Avalanche,Immediate release,Visibility,Comment,Start,Avalanche_Datetime,Stop,Classification,Cluster_ID,popt_m,pcov_m,popt_b,pcov_b,r2,glide distance,fit,fit_rse
2,1,0,0,,12.12.08 13:15,17.12.08 07:45,17.12.08 13:45,0,99,,,,,,,,
3,1,0,1,Feistel,12.12.08 07:00,12.12.08 05:00,01.01.01 00:00,0,99,,,,,,,,
5,1,0,1,Feistel,13.12.08 09:30,17.12.08 05:00,01.01.01 00:00,0,99,,,,,,,,
6,1,0,1,Feistel,14.12.08 07:00,15.12.08 05:00,01.01.01 00:00,0,99,,,,,,,,
13,1,0,1,Feistel,22.12.08 10:45,24.12.08 05:00,01.01.01 00:00,0,99,,,,,,,,
32,1,1,0,,18.03.09 14:30,18.03.09 14:45,01.01.01 00:00,1,99,,,,,,,,
40,1,1,0,,02.04.09 15:30,02.04.09 15:45,01.01.01 00:00,1,99,,,,,,,,
42,1,1,0,,02.04.09 15:15,02.04.09 15:30,01.01.01 00:00,1,99,,,,,,,,
52,1,1,0,,06.04.09 16:15,06.04.09 16:30,01.01.01 00:00,1,99,,,,,,,,
53,1,1,0,actual start: 01.04.09 19:30:12 but camera angle changes in between,06.04.09 16:30,06.04.09 16:45,01.01.01 00:00,1,99,,,,,,,,
54,1,0,0,,06.04.09 14:43,06.04.09 17:30,01.01.01 00:00,1,99,,,,,,,,
55,1,0,0,Feistel,07.04.09 14:00,08.04.09 11:45,01.01.01 00:00,1,99,,,,,,,,
56,1,1,0,,09.04.09 14:45,09.04.09 15:00,01.01.01 00:00,1,99,,,,,,,,
57,1,1,0,,09.12.09 08:00,09.12.09 08:00,01.01.01 00:00,0,99,,,,,,,,
61,0,0,0,badly vsible glide crack opening,22.01.10 10:30,27.01.10 16:45,01.01.01 00:00,0,99,,,,,,,,
62,0,0,0,"release: 12:45 but change in camera angle, evlaluation does not work",18.03.10 07:45,22.03.10 12:30,22.03.10 12:30,1,99,,,,,,,,
71,1,0,0,Feistel,20.03.10 12:15,20.03.10 17:30,01.01.01 00:00,1,99,,,,,,,,
72,1,0,0,Feistel,20.03.10 17:45,21.03.10 13:30,01.01.01 00:00,1,99,,,,,,,,
81,1,1,0,,21.03.10 12:30,21.03.10 12:30,01.01.01 00:00,1,99,,,,,,,,
83,1,1,0,,21.03.10 13:15,21.03.10 13:30,01.01.01 00:00,1,99,,,,,,,,
84,1,1,0,,21.03.10 13:45,21.03.10 14:00,01.01.01 00:00,1,99,,,,,,,,
86,1,1,0,,21.03.10 15:15,21.03.10 15:30,01.01.01 00:00,1,99,,,,,,,,
89,1,1,0,,21.03.10 17:00,21.03.10 17:15,01.01.01 00:00,1,99,,,,,,,,
91,1,0,0,Feistel,21.03.10 13:00,22.03.10 12:00,01.01.01 00:00,1,99,,,,,,,,
92,1,0,0,Feistel,21.03.10 14:45,22.03.10 12:45,01.01.01 00:00,1,99,,,,,,,,
107,0,0,0,"glide crack, change in camer angle",28.03.10 13:00,28.03.10 19:00,01.01.01 00:00,1,99,,,,,,,,
108,1,0,0,Feistel,29.03.10 12:00,29.03.10 14:00,01.01.01 00:00,1,99,,,,,,,,
109,1,1,0,,05.04.10 16:30,05.04.10 16:45,01.01.01 00:00,1,99,,,,,,,,
110,1,0,0,Feistel,05.04.10 13:15,05.04.10 16:45,01.01.01 00:00,1,99,,,,,,,,
113,1,0,1,Feistel,30.11.10 07:00,08.12.10 05:00,01.01.01 00:00,1,99,,,,,,,,
115,1,0,1,Feistel,05.12.10 07:00,07.12.10 05:00,01.01.01 00:00,0,99,,,,,,,,
142,1,1,0,,08.12.10 14:00,08.12.10 14:15,01.01.01 00:00,1,99,,,,,,,,
158,1,1,0,very badly viewable because of steep angle,08.12.11 14:30,08.12.11 14:45,01.01.01 00:00,0,99,,,,,,,,
170,1,1,0,,10.12.11 13:30,10.12.11 13:45,01.01.01 00:00,0,99,,,,,,,,
176,1,1,0,A LOT OF GLIDE SNOW CRACKS AND AVALANCHES!!!!,24.12.11 15:00,28.12.11 16:30,01.01.01 00:00,0,99,,,,,,,,
184,1,1,0,ca 4 Abgänge (1/4) nicht sichtbar wegen verdrehter Kameraeinstellung,11.01.12 08:15,11.01.12 08:15,01.01.01 00:00,0,99,,,,,,,,
185,1,1,0,ca 4 Abgänge (2/4) nicht sichtbar wegen verdrehter Kameraeinstellung,11.01.12 08:15,11.01.12 08:15,01.01.01 00:00,0,99,,,,,,,,
186,1,1,0,ca 4 Abgänge (3/4) nicht sichtbar wegen verdrehter Kameraeinstellung,11.01.12 08:15,11.01.12 08:15,01.01.01 00:00,0,99,,,,,,,,
187,1,1,0,ca 4 Abgänge (4/4) nicht sichtbar wegen verdrehter Kameraeinstellung,11.01.12 08:15,11.01.12 08:15,01.01.01 00:00,0,99,,,,,,,,
221,1,1,0,two avalanches (2/2),02.03.12 14:00,02.03.12 14:15,01.01.01 00:00,1,99,,,,,,,,
222,1,1,0,,02.03.12 14:30,02.03.12 14:45,01.01.01 00:00,1,99,,,,,,,,
223,1,1,0,,02.03.12 15:45,02.03.12 16:00,01.01.01 00:00,1,99,,,,,,,,
230,1,0,0,Feistel,16.12.12 07:00,16.12.12 11:54,01.01.01 00:00,0,99,,,,,,,,
231,1,0,0,Feistel,20.12.12 10:20,24.12.12 13:38,01.01.01 00:00,1,99,,,,,,,,
232,1,1,0,,23.12.12 12:30,23.12.12 14:44,01.01.01 00:00,0,99,,,,,,,,
233,1,0,0,Feistel,23.12.12 10:00,23.12.12 12:30,01.01.01 00:00,0,99,,,,,,,,
234,1,0,1,Feistel,23.12.12 13:54,23.12.12 05:00,01.01.01 00:00,0,99,,,,,,,,
235,1,0,1,Feistel,24.12.12 07:42,24.12.12 05:00,01.01.01 00:00,1,99,,,,,,,,
236,1,0,1,Feistel,24.12.12 12:36,24.12.12 05:00,01.01.01 00:00,1,99,,,,,,,,
237,1,0,1,Feistel,24.12.12 10:50,24.12.12 05:00,01.01.01 00:00,1,99,,,,,,,,
238,1,0,1,Feistel,24.12.12 13:50,24.12.12 05:00,01.01.01 00:00,1,99,,,,,,,,
239,1,0,1,Feistel,24.12.12 13:32,24.12.12 05:00,01.01.01 00:00,1,99,,,,,,,,
240,1,0,1,Feistel,24.12.12 09:30,25.12.12 05:00,01.01.01 00:00,1,99,,,,,,,,
251,1,0,1,Feistel,18.02.13 08:20,24.02.13 05:00,01.01.01 00:00,0,99,,,,,,,,
258,1,0,0,Feistel,02.03.13 16:12,03.03.13 13:46,01.01.01 00:00,0,99,,,,,,,,
265,1,1,0,,03.03.13 14:02,03.03.13 14:04,01.01.01 00:00,0,99,,,,,,,,
274,1,0,0,Feistel,04.03.13 11:54,04.03.13 13:14,01.01.01 00:00,0,99,,,,,,,,
275,1,0,0,Feistel,04.03.13 10:14,04.03.13 14:32,01.01.01 00:00,0,99,,,,,,,,
276,1,0,0,Feistel,04.03.13 13:20,08.03.13 10:24,01.01.01 00:00,1,99,,,,,,,,
277,1,0,0,Feistel,04.03.13 17:00,11.03.13 17:22,01.01.01 00:00,1,99,,,,,,,,
359,1,1,0,,25.10.14 16:16,25.10.14 16:18,01.01.01 00:00,1,99,,,,,,,,
375,1,1,1,0vernight 30 avalanches ,25.10.14 18:40,26.10.14 05:00,01.01.01 00:00,1,99,,,,,,,,
376,1,1,1,0vernight 30 avalanches ,25.10.14 18:40,26.10.14 05:00,01.01.01 00:00,1,99,,,,,,,,
421,1,0,0,Feistel,26.10.14 11:58,26.10.14 12:28,01.01.01 00:00,1,99,,,,,,,,
426,0,0,0,"not really an avalanche more successive gliding, then snow",08.03.15 07:50,21.03.15 12:36,21.03.15 12:36,1,99,,,,,,,,
427,0,0,0,"not really an avalanche more successive gliding, then snow",08.03.15 07:50,21.03.15 12:36,21.03.15 12:36,1,99,,,,,,,,
436,1,1,0,,19.03.15 12:14,19.03.15 12:16,01.01.01 00:00,1,99,,,,,,,,
437,1,1,0,,19.03.15 14:40,19.03.15 14:42,01.01.01 00:00,1,99,,,,,,,,
438,1,1,0,,19.03.15 15:20,19.03.15 15:22,01.01.01 00:00,1,99,,,,,,,,
443,1,1,0,,29.03.15 14:52,29.03.15 14:54,01.01.01 00:00,1,99,,,,,,,,
454,1,1,0,,31.03.15 17:00,31.03.15 17:02,01.01.01 00:00,1,99,,,,,,,,
461,1,1,0,,10.04.15 15:00,10.04.15 15:02,01.01.01 00:00,1,99,,,,,,,,
462,1,1,0,,10.04.15 15:46,10.04.15 15:48,01.01.01 00:00,1,99,,,,,,,,
465,1,1,0,,11.04.15 13:36,11.04.15 13:38,01.01.01 00:00,1,99,,,,,,,,
467,1,1,0,,12.04.15 12:36,12.04.15 12:38,01.01.01 00:00,1,99,,,,,,,,
468,1,1,0,,12.04.15 13:58,12.04.15 14:00,01.01.01 00:00,1,99,,,,,,,,
470,1,1,0,,12.04.15 15:24,12.04.15 15:26,01.01.01 00:00,1,99,,,,,,,,
491,1,0,0,Feistel,02.02.16 10:15,02.02.16 12:10,01.01.01 00:00,1,99,,,,,,,,
531,1,1,0,,30.03.16 12:30,30.03.16 12:35,01.01.01 00:00,1,99,,,,,,,,
538,1,0,0,Feistel,12.11.16 13:00,16.11.16 09:30,01.01.01 00:00,0,99,,,,,,,,
539,1,0,0,Feistel,15.11.16 10:00,16.11.16 10:30,01.01.01 00:00,0,99,,,,,,,,
540,1,0,0,Feistel,16.11.16 08:30,16.11.16 11:00,01.01.01 00:00,0,99,,,,,,,,
541,1,0,0,Feistel,16.11.16 13:30,16.11.16 14:30,01.01.01 00:00,0,99,,,,,,,,
542,1,0,0,Feistel,16.11.16 12:30,16.11.16 14:30,01.01.01 00:00,0,99,,,,,,,,
543,1,0,0,Feistel,16.11.16 10:00,16.11.16 15:00,01.01.01 00:00,0,99,,,,,,,,
544,1,0,1,Feistel,16.11.16 07:00,16.11.16 05:00,01.01.01 00:00,0,99,,,,,,,,
545,1,0,0,Feistel,16.11.16 14:30,16.11.16 15:30,01.01.01 00:00,0,99,,,,,,,,
562,1,1,0,,23.02.17 14:30,23.02.17 14:40,01.01.01 00:00,1,99,,,,,,,,
574,1,1,0,,12.03.17 13:40,12.03.17 13:50,01.01.01 00:00,1,99,,,,,,,,
618,1,0,1,Feistel,08.11.17 07:00,08.11.17 05:00,01.01.01 00:00,1,99,,,,,,,,
620,1,0,1,,09.11.17 11:15,09.11.17 05:00,01.01.01 00:00,1,99,,,,,,,,
625,1,0,1,Feistel,04.01.18 15:50,05.01.18 05:00,01.01.01 00:00,0,99,,,,,,,,
629,1,1,0,,05.01.18 15:10,05.01.18 15:14,01.01.01 00:00,0,99,,,,,,,,
674,1,1,0,,05.04.18 14:30,05.04.18 14:35,01.01.01 00:00,1,99,,,,,,,,
746,0,0,0,,18.11.19 08:55,28.11.19 13:45,28.11.19 13:45,0,99,,,,,,,,
755,1,1,0,in rocks,25.11.19 11:55,25.11.19 12:00,01.01.01 00:00,0,99,,,,,,,,
758,1,1,0,too small for evaluation,25.11.19 11:00,25.11.19 11:05,01.01.01 00:00,0,99,,,,,,,,
759,1,1,0,too small for evaluation,25.11.19 11:00,25.11.19 11:05,01.01.01 00:00,0,99,,,,,,,,
760,1,1,0,too small for evaluation,25.11.19 11:00,25.11.19 11:05,01.01.01 00:00,0,99,,,,,,,,
761,1,1,0,too small for evaluation,25.11.19 11:00,25.11.19 11:05,01.01.01 00:00,0,99,,,,,,,,
762,1,1,0,too small for evaluation,25.11.19 11:00,25.11.19 11:05,01.01.01 00:00,0,99,,,,,,,,
771,1,1,0,difficult to evaluate,24.11.19 08:25,24.11.19 08:30,01.01.01 00:00,0,99,,,,,,,,
779,1,0,0,in valley,25.11.19 12:25,25.11.19 12:30,25.11.19 12:30,0,99,,,,,,,,
783,1,1,0,in rocks,17.12.19 12:35,17.12.19 12:40,01.01.01 00:00,0,99,,,,,,,,
784,1,1,1,in rocks,17.12.19 16:50,18.12.19 05:00,01.01.01 00:00,0,99,,,,,,,,
785,1,1,1,in rocks,17.12.19 16:50,18.12.19 05:00,01.01.01 00:00,0,99,,,,,,,,
788,1,1,0,in rocks,18.12.19 13:20,18.12.19 13:25,01.01.01 00:00,0,99,,,,,,,,
795,1,1,1,release at night and snow on top,26.12.19 16:55,27.12.19 05:00,01.01.01 00:00,0,99,,,,,,,,
801,1,1,0,between avalanche barriers,31.12.19 14:55,30.12.19 15:00,01.01.01 00:00,0,99,,,,,,,,
805,1,1,0,in valley,31.12.19 13:40,31.12.19 13:45,01.01.01 00:00,0,99,,,,,,,,
806,1,1,0,in valley,31.12.19 13:45,31.12.19 13:50,01.01.01 00:00,0,99,,,,,,,,
809,1,1,0,in rocks,01.01.20 13:20,01.01.20 13:25,01.01.01 00:00,0,99,,,,,,,,
815,1,1,1,in valley,02.02.20 17:40,03.02.20 05:00,01.01.01 00:00,1,99,,,,,,,,
816,1,1,1,in valley,02.02.20 17:40,03.02.20 05:00,01.01.01 00:00,1,99,,,,,,,,
817,1,1,1,in valley,02.02.20 17:40,03.02.20 05:00,01.01.01 00:00,1,99,,,,,,,,
822,1,1,0,in valley,03.02.02 10:20,03.02.20 10:25,01.01.01 00:00,1,99,,,,,,,,
828,1,1,0,,03.02.20 16:55,03.02.20 17:00,01.01.01 00:00,1,99,,,,,,,,
829,1,0,0,in valley,08.02.20 13:20,08.02.20 14:20,08.02.20 14:20,1,99,,,,,,,,
831,1,1,0,in rocks,17.02.20 13:50,17.02.20 13:55,01.01.01 00:00,1,99,,,,,,,,
836,1,1,0,in rocks,17.03.20 12:15,17.03.20 12:20,01.01.01 00:00,1,99,,,,,,,,
839,1,1,0,in rocks,18.03.20 10:35,18.03.20 10:40,01.01.01 00:00,1,99,,,,,,,,
840,1,1,0,in rocks,18.03.20 12:30,18.03.20 12:35,01.01.01 00:00,1,99,,,,,,,,
841,1,1,0,in rocks,18.03.20 10:10,18.03.20 10:15,01.01.01 00:00,1,99,,,,,,,,
842,1,1,0,in rocks,18.03.20 10:25,18.03.20 10:30,01.01.01 00:00,1,99,,,,,,,,
843,1,1,0,in rocks,19.03.20 13:15,19.03.20 13:20,01.01.01 00:00,1,99,,,,,,,,
847,1,1,0,,23.03.20 17:25,23.03.20 17:30,01.01.01 00:00,1,99,,,,,,,,
081211_01l,1,0,0,,11.12.08 16:00,12.12.08 12:00,12.12.08 12:45,0,1,2.668398577,0.051162997,0.008653028,0.059006952,0.997799077,1,exponential,0.03986458
081213_01l,1,0,0,,13.12.08 08:15,15.12.08 09:45,15.12.08 13:15,0,9,4.245115809,0.086894858,-1.455506378,0.147931101,0.966783627,1,linear,0.220590497
081215_01i,1,1,0,,15.12.08 14:15,15.12.08 14:30,01.01.01 00:00,0,1,,,,,,,,
081221_01c,0,0,0,snowfall covers crack,21.12.08 15:00,19.01.09 16:00,19.01.09 16:00,0,8,9.749446805,0.093554324,21.26108309,0.601818844,0.908939191,1,linear,0.72615296
081222_01c,0,0,0,snowfall covers crack,22.12.08 11:30,19.01.09 16:00,19.01.09 16:00,0,10,19.0347555,0.16700788,12.24466546,0.754473349,0.923768048,1,asymptotic,0.313705739
081222_01i,1,1,0,,22.12.08 16:30,22.12.08 16:45,01.01.01 00:00,0,2,,,,,,,,
081223_01i,1,0,1,overnight,22.12.08 17:00,23.12.08 05:00,01.01.01 00:00,0,99,,,,,,,,
081223_01l,1,0,0,,23.12.08 16:00,25.12.08 12:15,25.12.08 15:45,0,8,6.381104978,0.857070446,-1.472346397,0.876587387,0.506541835,1,asymptotic,0.074156349
081223_03i,1,0,1,overnight,22.12.08 17:00,23.12.08 05:00,01.01.01 00:00,0,99,,,,,,,,
081224_01i,1,0,1,overnight,23.12.08 16:30,24.12.08 05:00,01.01.01 00:00,0,99,,,,,,,,
081224_02i,1,0,1,overnight,23.12.08 16:30,24.12.08 05:00,01.01.01 00:00,0,99,,,,,,,,
081224_03i,1,0,1,overnight,23.12.08 16:30,24.12.08 05:00,01.01.01 00:00,0,99,,,,,,,,
081224_04i,1,1,0,,24.12.08 12:00,24.12.08 12:15,01.01.01 00:00,0,5,,,,,,,,
081225_01i,1,1,0,,25.12.08 12:00,25.12.08 12:15,01.01.01 00:00,0,6,,,,,,,,
081225_02i,1,0,0,badly visible,25.12.08 14:00,25.12.08 15:00,01.01.01 00:00,0,99,,,,,,,,
090204_01i,1,1,0,Feistel,04.02.09 15:45,04.02.09 16:00,01.01.01 00:00,1,1,,,,,,,,
090219_01c,0,0,0,change in camera angle,19.02.09 12:15,04.03.09 17:45,04.03.09 17:45,1,3,9.382646157,0.102159748,-1.53124873,0.133453731,0.943618585,1,exponential,0.129305897
090302_01i,1,0,0,Feistel,01.03.09 16:00,02.03.09 12:15,01.01.01 00:00,1,99,,,,,,,,
090302_02i,1,1,0,picture missing,02.03.09 12:00,02.03.09 12:15,01.01.01 00:00,1,99,,,,,,,,
090302_03i,1,1,0,,02.03.09 14:15,02.03.09 14:30,01.01.01 00:00,1,1,,,,,,,,
090302_04i,1,1,0,,02.03.09 15:00,02.03.09 15:15,01.01.01 00:00,1,6,,,,,,,,
090316_01l,1,0,0,next avalanche as immediate release right next to it,16.03.09 07:45,17.03.09 14:15,17.03.09 16:15,0,6,1.166606657,0.079604532,0.951500121,0.145939461,0.759521747,1,asymptotic,0.318203439
090317_01i,1,1,0,,17.03.09 13:15,17.03.09 13:30,01.01.01 00:00,0,6,,,,,,,,
090317_02i,1,1,0,,17.03.09 16:15,17.03.09 16:30,01.01.01 00:00,0,6,,,,,,,,
090318_01i,1,1,0,,18.03.09 11:45,18.03.09 12:00,01.01.01 00:00,1,5,,,,,,,,
090318_02i,1,1,0,difficult to see if one or two avalanches,18.03.09 12:30,18.03.09 12:45,01.01.01 00:00,0,6,,,,,,,,
090319_01i,1,0,0,Feistel,18.03.09 09:30,19.03.09 13:40,01.01.01 00:00,1,99,,,,,,,,
090319_02i,1,0,0,crack visible but no pictures available,19.03.09 13:40,19.03.09 13:41,01.01.01 00:00,1,99,,,,,,,,
090401_01i,1,1,0,,01.04.09 18:00,01.04.09 18:15,01.01.01 00:00,1,6,,,,,,,,
090402_01i,1,0,0,not many pictures,01.04.09 16:40,02.04.09 15:00,02.04.09 15:00,1,99,,,,,,,,
090402_02i,1,1,0,picture missing,02.04.09 13:15,02.04.09 13:30,01.01.01 00:00,1,99,,,,,,,,
090402_03i,1,1,0,,02.04.09 13:15,02.04.09 13:30,01.01.01 00:00,1,9,,,,,,,,
090402_04i,1,1,0,,02.04.09 10:45,02.04.09 11:00,01.01.01 00:00,1,6,,,,,,,,
090402_06i,1,1,0,picture missing,02.04.09 15:15,02.04.09 15:30,01.01.01 00:00,1,99,,,,,,,,
090402_08i,1,1,0,,02.04.09 16:00,02.04.09 16:15,01.01.01 00:00,1,5,,,,,,,,
090402_09i,1,1,0,,02.04.09 14:15,02.04.09 14:30,01.01.01 00:00,1,5,,,,,,,,
090402_10i,1,1,0,,02.04.09 16:45,02.04.09 17:00,01.01.01 00:00,1,5,,,,,,,,
090402_11i,1,1,0,,02.04.09 16:45,02.04.09 17:00,01.01.01 00:00,1,5,,,,,,,,
100319_01i,1,1,0,,19.03.10 15:15,19.03.10 15:30,01.01.01 00:00,1,6,,,,,,,,
100319_01l,0,0,0,,19.03.10 10:15,22.03.10 11:00,22.03.10 11:00,1,1,9.377854574,0.10403364,-2.64906741,0.165482075,0.982468176,1,asymptotic,0.10836156
100320_01i,1,1,0,,20.03.10 13:45,20.03.10 14:00,01.01.01 00:00,1,6,,,,,,,,
100320_02i,1,1,0,,20.03.10 14:00,20.03.10 14:15,01.01.01 00:00,1,6,,,,,,,,
100320_03i,1,0,0,,20.03.10 14:30,20.03.10 15:00,01.01.01 00:00,1,99,,,,,,,,
100320_04i,1,1,0,,20.03.10 17:15,20.03.10 17:30,01.01.01 00:00,1,6,,,,,,,,
100320_05i,1,0,0,Feistel,20.03.10 13:45,20.03.10 17:00,01.01.01 00:00,1,99,,,,,,,,
100321_01i,1,1,0,,21.03.10 10:00,21.03.10 10:15,01.01.01 00:00,1,6,,,,,,,,
100321_02i,1,1,0,,21.03.10 11:15,21.03.10 11:30,01.01.01 00:00,1,6,,,,,,,,
100321_03i,1,1,0,,21.03.10 11:45,21.03.10 12:00,01.01.01 00:00,1,8,,,,,,,,
100321_04i,1,1,0,,21.03.10 11:30,21.03.10 11:45,01.01.01 00:00,1,6,,,,,,,,
100321_05i,1,1,0,,21.03.10 12:00,21.03.10 12:15,01.01.01 00:00,1,6,,,,,,,,
100321_06i,1,1,0,,21.03.10 12:00,21.03.10 12:15,01.01.01 00:00,1,10,,,,,,,,
100321_07i,1,1,0,,21.03.10 12:00,21.03.10 12:15,01.01.01 00:00,1,6,,,,,,,,
100321_08i,1,1,0,,21.03.10 12:15,21.03.10 12:30,01.01.01 00:00,1,8,,,,,,,,
100321_10i,1,1,0,,21.03.10 13:15,21.03.10 13:30,01.01.01 00:00,1,5,,,,,,,,
100321_14i,1,1,0,,21.03.10 14:15,21.03.10 14:30,01.01.01 00:00,1,6,,,,,,,,
100321_15i,1,1,0,,21.03.10 16:00,21.03.10 16:15,01.01.01 00:00,1,4,,,,,,,,
100321_16i,1,1,0,,21.03.10 17:00,21.03.10 17:15,01.01.01 00:00,1,8,,,,,,,,
100321_19i,1,0,0,Feistel,21.03.10 09:30,21.03.10 11:30,01.01.01 00:00,1,99,,,,,,,,
100322_01c,0,0,0,"change of camera angle, no nice evaluation",22.03.10 12:30,24.03.10 14:45,24.03.10 14:45,1,1,8.525163901,0.045808151,-1.395804846,0.09223709,0.997121091,,,
100322_01i,1,0,0,"evaluation does not work, backround too nervous",20.03.10 15:00,22.03.10 12:00,22.03.10 12:00,1,99,,,,,,,,
100322_02i,1,1,0,,22.03.10 10:15,22.03.10 10:30,01.01.01 00:00,1,6,,,,,,,,
100322_02l,1,0,0,"continuation of previous crack, not nice for evaluation",22.03.10 12:30,22.03.10 14:00,22.03.10 17:15,1,3,4.15366239,0.724593193,0.072604739,0.2566128,0.89148269,1,linear,0.080402077
100322_03i,1,1,0,,22.03.10 10:45,22.03.10 11:00,01.01.01 00:00,1,6,,,,,,,,
100322_03l,1,0,0,one avalanche or severa avalanches next to each other?,22.03.10 11:30,22.03.10 16:30,22.03.10 18:15,1,1,5.761694246,0.588867115,-1.582788279,0.385780242,0.84173586,1,exponential,0.152363346
100322_04i,1,1,0,,22.03.10 10:45,22.03.10 11:00,01.01.01 00:00,1,8,,,,,,,,
100322_05i,1,1,0,picture missing,22.03.10 10:45,22.03.10 11:00,01.01.01 00:00,1,99,,,,,,,,
100322_06i,1,1,0,picture missing,22.03.10 10:45,22.03.10 11:00,01.01.01 00:00,1,99,,,,,,,,
100322_07i,1,0,0,,22.03.10 17:00,22.03.10 12:00,01.01.01 00:00,1,99,,,,,,,,
100322_08i,1,1,0,,22.03.10 11:45,22.03.10 12:00,01.01.01 00:00,1,6,,,,,,,,
100322_09i,1,1,0,,22.03.10 11:45,22.03.10 12:00,01.01.01 00:00,1,6,,,,,,,,
100322_10i,1,1,0,,22.03.10 12:45,22.03.10 13:00,01.01.01 00:00,1,5,,,,,,,,
100322_11i,1,1,0,,22.03.10 16:45,22.03.10 17:00,01.01.01 00:00,1,10,,,,,,,,
100323_01i,1,1,0,,23.03.10 10:30,23.03.10 10:45,01.01.01 00:00,1,3,,,,,,,,
101127_01i,1,1,1,overnight,26.11.10 16:00,27.11.10 05:00,01.01.01 00:00,0,99,,,,,,,,
101129_01c,0,0,0,change of camera angle,29.11.10 16:15,30.11.10 13:45,30.11.10 13:45,0,99,,,,,,,,
101204_01l,1,0,0,overnight,04.12.10 16:15,07.12.10 08:45,07.12.10 10:45,0,99,,,,,,,,
101207_01c,0,0,0,snow on crack,07.12.10 09:30,08.12.10 16:15,08.12.10 16:15,1,1,4.073173828,0.033749847,0.681200324,0.106627244,0.995965645,1,exponential,0.306594885
101207_01i,1,1,1,overnight,06.12.10 16:15,07.12.10 05:00,01.01.01 00:00,0,5,,,,,,,,
101207_01l,1,0,1,,07.12.10 16:00,08.12.10 05:00,08.12.10 13:00,1,6,,,,,,,,
101207_02i,1,1,0,,07.12.10 10:45,07.12.10 11:00,01.01.01 00:00,0,2,,,,,,,,
101207_02l,0,0,0,snow on crack,07.12.10 13:00,08.12.10 16:15,08.12.10 16:15,1,1,4.324751469,0.099428758,0.077500217,0.095345409,0.976767004,1,linear,0.137813613
101207_03i,1,1,0,,07.12.10 12:30,07.12.10 12:45,01.01.01 00:00,0,6,,,,,,,,
101207_04i,1,1,0,,07.12.10 11:45,07.12.10 12:00,01.01.01 00:00,0,5,,,,,,,,
101207_05i,1,1,0,,07.12.10 13:00,07.12.10 13:15,01.01.01 00:00,0,10,,,,,,,,
101208_01c,0,0,0,snow on crack,08.12.10 12:00,08.12.10 16:15,08.12.10 16:15,1,1,4.237920308,0.032347348,0.068813963,0.053810683,0.99912686,,,
101208_01i,1,1,1,overnight,07.12.10 16:15,08.12.10 05:00,01.01.01 00:00,1,6,,,,,,,,
101208_02c,0,0,0,snow on crack,08.12.10 11:15,08.12.10 16:15,08.12.10 16:15,1,1,11.44614802,3.04851494,-2.46383808,1.614813949,0.439208637,1,asymptotic,0.081485631
101208_02i,1,1,1,overnight,07.12.10 16:15,08.12.10 05:00,01.01.01 00:00,1,6,,,,,,,,
101208_03i,1,1,1,overnight,07.12.10 16:15,08.12.10 05:00,01.01.01 00:00,1,6,,,,,,,,
101208_04i,1,1,1,overnight,07.12.10 16:15,08.12.10 05:00,01.01.01 00:00,1,4,,,,,,,,
101208_05i,1,1,1,overnight,07.12.10 16:15,08.12.10 05:00,01.01.01 00:00,1,2,,,,,,,,
101208_06i,1,0,0,,08.12.10 08:15,08.12.10 09:45,08.12.10 09:45,1,99,,,,,,,,
101208_07i,1,1,0,,08.12.10 09:30,08.12.10 09:45,01.01.01 00:00,1,8,,,,,,,,
101208_08i,1,1,0,,08.12.10 10:00,08.12.10 10:15,01.01.01 00:00,1,1,,,,,,,,
101208_09i,1,1,0,,08.12.10 10:30,08.12.10 10:45,01.01.01 00:00,1,6,,,,,,,,
101208_10i,1,1,0,,08.12.10 10:30,08.12.10 10:45,01.01.01 00:00,1,6,,,,,,,,
101208_11i,1,1,0,,08.12.10 10:30,08.12.10 10:45,01.01.01 00:00,1,6,,,,,,,,
101208_12i,1,1,0,,08.12.10 10:30,08.12.10 10:45,01.01.01 00:00,1,1,,,,,,,,
101208_13i,1,1,0,,08.12.10 10:45,08.12.10 11:00,01.01.01 00:00,1,8,,,,,,,,
101208_14i,1,1,0,,08.12.10 10:45,08.12.10 11:00,01.01.01 00:00,1,3,,,,,,,,
101208_15i,1,0,0,,08.12.10 11:00,08.12.10 11:45,08.12.10 11:45,1,99,,,,,,,,
101208_16i,1,1,0,,08.12.10 12:30,08.12.10 12:45,01.01.01 00:00,1,6,,,,,,,,
101208_18i,1,0,1,Feistel,08.12.10 07:00,08.12.10 05:00,08.12.10 11:30,1,99,,,,,,,,
101208_19i,1,0,1,Feistel,08.12.10 07:00,08.12.10 05:00,08.12.10 14:00,1,99,,,,,,,,
110126_01c,0,0,0,change of camera angle,26.01.11 15:30,01.02.11 16:15,01.02.11 16:15,0,99,,,,,,,,
110201_01i,0,0,0,change of camera angle,27.01.11 11:00,01.02.11 16:15,01.02.11 16:15,0,99,,,,,,,,
110210_01c,0,0,0,"snow on crack, no real gliding",10.02.11 08:00,10.02.11 16:30,10.02.11 16:30,1,99,,,,,,,,
110307_01i,0,0,0,cange of camera angle,01.03.11 08:30,07.03.11 16:45,07.03.11 16:45,1,99,,,,,,,,
110307_02i,1,0,1,change of camera angle,02.03.11 07:00,07.03.11 05:00,07.03.11 16:45,1,99,,,,,,,,
110320_01i,1,0,0,Feistel,20.03.11 12:30,20.03.11 12:45,20.03.11 12:45,1,99,,,,,,,,
110320_02i,1,0,0,Feistel,20.03.11 13:15,20.03.11 14:15,20.03.11 14:15,1,99,,,,,,,,
110329_01i,0,0,0,slowly opening/melting,18.03.11 10:00,29.03.11 14:30,29.03.11 14:30,1,99,,,,,,,,
111208_01i,1,0,0,"not immediate release, but fast, initial glide crack opening not observable due to night and bad weather before",08.12.11 08:15,08.12.11 09:15,08.12.11 09:15,0,99,,,,,,,,
111208_02i,1,1,0,,08.12.11 10:00,08.12.11 10:15,01.01.01 00:00,0,1,,,,,,,,
111208_03i,1,1,0,very badly viewable because of steep angle,08.12.11 11:15,08.12.11 11:30,01.01.01 00:00,0,2,,,,,,,,
111208_04i,1,1,0,very badly viewable because of steep angle,08.12.11 12:15,08.12.11 12:30,01.01.01 00:00,0,2,,,,,,,,
111208_05i,1,1,0,very badly viewable because of steep angle,08.12.11 14:00,08.12.11 14:15,01.01.01 00:00,0,1,,,,,,,,
111208_07i,1,1,0,,08.12.11 14:45,08.12.11 15:15,01.01.01 00:00,0,2,,,,,,,,
111208_08i,1,1,0,,08.12.11 09:15,08.12.11 09:30,01.01.01 00:00,0,3,,,,,,,,
111208_09i,1,1,0,,08.12.11 11:30,08.12.11 11:45,01.01.01 00:00,0,3,,,,,,,,
111208_10i,1,0,0,"bad angle, evaluation doesn’t work well",08.12.11 10:45,08.12.11 12:30,08.12.11 13:00,0,99,,,,,,,,
111208_11i,1,0,0,bad angle,08.12.11 14:00,08.12.11 15:30,01.01.01 00:00,0,99,,,,,,,,
111208_13i,1,1,0,,08.12.11 12:15,08.12.11 12:30,01.01.01 00:00,0,2,,,,,,,,
111210_01i,1,0,0,"avalanche from above into crack, difficult evaluation",08.12.11 14:30,10.12.11 12:30,10.12.11 14:00,0,99,,,,,,,,
111210_02i,1,1,0,,10.12.11 11:15,10.12.11 12:30,01.01.01 00:00,0,1,,,,,,,,
111211_01i,1,0,0,avalache realeases right below clide crack ,08.12.11 16:15,11.12.11 12:15,01.01.01 00:00,0,99,,,,,,,,
111211_02i,1,1,0,left,11.12.11 11:45,11.12.11 12:00,01.01.01 00:00,0,6,,,,,,,,
111211_03i,1,1,0,right,11.12.11 11:45,11.12.11 12:00,01.01.01 00:00,1,5,,,,,,,,
111211_04i,1,1,0,,11.12.11 12:15,11.12.11 12:30,01.01.01 00:00,0,6,,,,,,,,
111211_05i,1,1,0,,11.12.11 12:15,11.12.11 12:30,01.01.01 00:00,0,6,,,,,,,,
111212_01i,0,0,0,"außen, danach Schnee",09.12.11 12:30,12.12.11 13:00,01.01.01 00:00,0,99,,,,,,,,
111213_01i,0,0,0,danach Schnee,09.12.11 16:15,13.12.11 13:00,01.01.01 00:00,0,99,,,,,,,,
111223_01i,1,1,0,Alec,23.12.11 15:30,23.12.11 15:45,01.01.01 00:00,0,1,,,,,,,,
111224_01c,0,0,0,,24.12.11 15:00,28.12.11 16:15,28.12.11 16:15,1,2,5.624616358,0.057746262,-0.731110656,0.157368012,0.983109159,1,asymptotic,0.149112826
111224_01l,1,0,0,,24.12.11 15:00,26.12.11 12:15,26.12.11 16:30,0,1,7.343639453,0.091501858,-2.476144092,0.129479806,0.989705203,1,exponential,0.158488353
111224_02c,0,0,0,,24.12.11 15:00,28.12.11 16:15,28.12.11 16:15,0,3,9.167699648,0.070206703,-3.183735432,0.178455593,0.99053126,1,asymptotic,0.195578355
111225_01c,0,0,0,crack gets covered by other avalanches and snow after the 28.,25.12.11 08:30,28.12.11 13:45,28.12.11 13:45,0,6,12.58538241,0.085724011,-3.287937891,0.138996487,0.993592403,1,exponential,0.182159459
111225_01i,1,1,1,night avalanche,24.12.11 16:00,25.12.11 05:00,01.01.01 00:00,0,6,,,,,,,,
120101_01l,1,0,1,night avalanche,01.01.12 15:30,03.01.12 05:00,03.01.12 16:30,0,6,,,,,,,,
120110_01i,1,0,0,,09.01.12 08:15,10.01.12 12:45,01.01.01 00:00,0,99,,,,,,,,
120111_01c,0,0,0,"Alec, danach Schnee",11.01.12 14:15,19.01.12 15:30,19.01.12 15:30,0,1,7.121680207,0.046623709,0.281669225,0.055595981,0.986303665,,,
120112_01c,0,0,0,danach Schnee,12.01.12 12:30,19.01.12 15:30,19.01.12 15:30,0,6,14.77528809,0.151959987,-2.783747387,0.144340226,0.973334576,1,asymptotic,0.084404272
120125_01i,1,1,0,Alec,25.01.12 12:00,25.01.12 12:15,01.01.01 00:00,0,1,,,,,,,,
120214_01i,1,1,0,"A LOT OF GLIDE SNOW CRACKS AND AVALANCHES!!!!, 2 Avanches (1/2)",25.01.12 11:15,14.02.12 15:45,01.01.01 00:00,0,6,,,,,,,,
120214_02i,1,1,0,"A LOT OF GLIDE SNOW CRACKS AND AVALANCHES!!!!, 2 Avanches (1/2)",25.01.12 11:15,14.02.12 15:45,01.01.01 00:00,0,6,,,,,,,,
120214_03i,0,0,0,crack covered later by snow (1/8),25.01.12 11:15,14.02.12 15:45,01.01.01 00:00,0,99,,,,,,,,
120214_04i,0,0,0,crack covered later by snow (2/8),25.01.12 11:15,14.02.12 15:45,01.01.01 00:00,0,99,,,,,,,,
120214_05i,0,0,0,crack covered later by snow (3/8),25.01.12 11:15,14.02.12 15:45,01.01.01 00:00,0,99,,,,,,,,
120214_06i,0,0,0,crack covered later by snow (4/8),25.01.12 11:15,14.02.12 15:45,01.01.01 00:00,0,99,,,,,,,,
120214_07i,0,0,0,crack covered later by snow (5/8),25.01.12 11:15,14.02.12 15:45,01.01.01 00:00,0,99,,,,,,,,
120214_08i,0,0,0,crack covered later by snow (6/8),25.01.12 11:15,14.02.12 15:45,01.01.01 00:00,0,99,,,,,,,,
120214_09i,0,0,0,crack covered later by snow (7/8),25.01.12 11:15,14.02.12 15:45,01.01.01 00:00,0,99,,,,,,,,
120214_10i,0,0,0,crack covered later by snow (8/8),25.01.12 11:15,14.02.12 15:45,01.01.01 00:00,0,99,,,,,,,,
120222_01l,1,0,0,,22.02.12 09:45,24.02.12 15:00,24.02.12 12:15,0,10,2.667937091,0.118386884,0.436103947,0.105641769,0.836865169,1,linear,0.134593269
120224_01i,1,1,0,,24.02.12 13:45,24.02.12 14:00,01.01.01 00:00,0,2,,,,,,,,
120229_01i,1,1,0,,29.02.12 13:15,29.02.12 13:30,01.01.01 00:00,0,6,,,,,,,,
120229_02i,1,1,0,,29.02.12 10:00,29.02.12 10:15,01.01.01 00:00,1,5,,,,,,,,
120229_03i,1,1,0,two avalanches (1/2),29.02.12 12:00,29.02.12 15:00,01.01.01 00:00,1,5,,,,,,,,
120229_05i,1,1,0,two avalanches (2/2),29.02.12 12:00,29.02.12 15:00,01.01.01 00:00,0,6,,,,,,,,
120229_06i,1,0,0,Feistel,29.02.12 10:15,29.02.12 14:15,01.01.01 00:00,1,99,,,,,,,,
120301_01i,1,0,0,,01.03.12 12:45,01.03.12 14:45,01.01.01 00:00,1,99,,,,,,,,
120301_01l,1,0,0,,01.03.12 07:00,03.04.12 16:15,03.04.12 16:15,1,3,4.58506437,0.004222419,-1.737601367,0.012448683,0.99855782,1,exponential,0.156627316
120301_02i,1,1,0,,01.03.12 14:15,01.03.12 14:30,01.01.01 00:00,1,6,,,,,,,,
120301_02l,1,0,0,,01.03.12 07:00,03.03.12 07:00,03.03.12 16:15,1,10,5.587172804,0.148142536,-0.528540204,0.120642713,0.948014194,1,exponential,0.266194112
120301_03i,1,0,0,Feistel,01.03.12 09:00,01.03.12 11:00,01.01.01 00:00,1,99,,,,,,,,
120301_04i,1,1,0,,01.03.12 14:30,01.03.12 14:45,01.01.01 00:00,1,6,,,,,,,,
120301_05i,1,0,1,Feistel,01.03.12 07:00,01.03.12 05:00,01.01.01 00:00,1,99,,,,,,,,
120301_06i,1,0,0,Feistel,01.03.12 10:00,01.03.12 14:45,01.01.01 00:00,1,99,,,,,,,,
120302_01i,1,0,0,Feistel,01.03.12 15:00,02.03.12 13:45,01.01.01 00:00,1,99,,,,,,,,
120302_02i,1,1,0,two avalanches (1/2),02.03.12 13:00,02.03.12 13:15,01.01.01 00:00,1,9,,,,,,,,
120302_03i,1,1,0,two avalanches (2/2),02.03.12 13:00,02.03.12 13:15,01.01.01 00:00,1,10,,,,,,,,
120302_04i,1,1,0,,02.03.12 13:45,02.03.12 14:00,01.01.01 00:00,1,6,,,,,,,,
120302_05i,1,1,0,two avalanches (1/2),02.03.12 14:00,02.03.12 14:15,01.01.01 00:00,1,5,,,,,,,,
120302_09i,1,0,1,Feistel,02.03.12 07:00,02.03.12 05:00,01.01.01 00:00,1,99,,,,,,,,
120302_11i,1,0,0,Feistel,02.03.12 10:45,02.03.12 14:00,01.01.01 00:00,1,99,,,,,,,,
120303_01i,1,1,0,,03.03.12 14:15,03.03.12 14:30,01.01.01 00:00,1,9,,,,,,,,
120304_01i,1,1,0,Feistelpicture missing,03.03.12 11:45,04.03.12 15:00,01.01.01 00:00,1,99,,,,,,,,
120304_02i,1,1,0,,04.03.12 15:15,04.03.12 15:30,01.01.01 00:00,1,5,,,,,,,,
120312_01i,1,1,0,picture missing,12.03.12 16:30,12.03.12 16:45,01.01.01 00:00,1,99,,,,,,,,
130106_01c,0,0,0,,06.01.13 12:36,06.01.13 16:22,06.01.13 16:22,1,1,3.2002971,0.53262421,-0.008622477,0.623126773,0.286295591,1,asymptotic,2.50E-07
130106_01i,1,1,0,,06.01.13 14:16,06.01.13 14:18,01.01.01 00:00,1,1,,,,,,,,
130106_02i,1,0,0,,06.01.13 13:10,06.01.13 13:52,01.01.01 00:00,1,99,,,,,,,,
130120_01i,1,1,0,picture missing,20.01.13 10:24,20.01.13 10:26,01.01.01 00:00,0,99,,,,,,,,
130122_01i,1,1,0,picture missing,22.01.13 08:12,22.01.13 08:24,01.01.01 00:00,0,99,,,,,,,,
130122_02i,1,1,0,picture missing,22.01.13 08:14,22.01.13 08:16,01.01.01 00:00,0,99,,,,,,,,
130131_02c,0,0,0,very small crack,31.01.13 09:04,01.02.13 13:08,01.02.13 13:08,1,1,1.514455382,0.135737819,0.024744408,0.088063195,0.248726242,,,
130201_01i,0,0,0,afterwards snow on glide snow crack,29.12.12 16:44,01.02.13 17:30,01.02.13 17:30,1,99,,,,,,,,
130218_03c,0,0,0,"left side crack opening, download march data and see if it continues opening, camera angle 2 until 130225_16:38:38",18.02.13 15:44,25.02.13 16:38,25.02.13 16:38,0,4,5.088608243,0.011003962,1.899764856,0.040457441,0.991717346,1,linear,0.463872272
130224_01c,1,0,0,,15.02.13 15:36,24.02.13 07:00,24.02.13 10:12,0,6,2.515902107,0.01085333,0.681801225,0.0203293,0.962268892,1,asymptotic,0.154421516
130301_01i,1,1,0,picture missing,01.03.13 15:36,01.03.13 15:38,01.01.01 00:00,0,99,,,,,,,,
130301_01l,1,0,0,,01.03.13 18:12,02.03.13 11:32,02.03.13 14:48,0,6,4.430584196,0.65693143,-0.410299876,0.360301204,0.245227828,1,asymptotic,0.012309408
130301_02i,1,1,0,avalanche(2/2),01.03.13 15:30,01.03.13 15:32,01.01.01 00:00,0,6,,,,,,,,
130301_03i,1,1,0,avalanche (1/2)picture missing,01.03.13 15:30,01.03.13 15:32,01.01.01 00:00,0,99,,,,,,,,
130302_01i,1,1,0,,02.03.13 14:50,02.03.13 14:52,01.01.01 00:00,0,6,,,,,,,,
130303_01i,1,0,0,Feistel,03.03.13 09:08,03.03.13 13:22,01.01.01 00:00,0,99,,,,,,,,
130303_01l,1,0,0,,03.03.13 15:04,07.03.13 14:44,07.03.13 16:44,1,1,3.230708753,0.009717612,0.103256281,0.006227229,0.98858728,1,asymptotic,0.035956075
130303_02i,1,0,0,,03.03.13 17:16,03.03.13 17:30,01.01.01 00:00,0,99,,,,,,,,
130303_03i,1,0,0,look for earlier indication of clide crack!,03.03.13 14:06,03.03.13 14:58,01.01.01 00:00,0,99,,,,,,,,
130303_04i,1,1,0,,03.03.13 13:44,03.03.13 13:46,01.01.01 00:00,0,6,,,,,,,,
130303_05i,1,1,0,,03.03.13 13:40,03.03.13 13:42,01.01.01 00:00,0,6,,,,,,,,
130303_06i,1,0,1,,03.03.13 07:00,03.03.13 05:00,01.01.01 00:00,0,99,,,,,,,,
130303_07i,1,1,0,,03.03.13 12:44,03.03.13 12:46,01.01.01 00:00,0,5,,,,,,,,
130303_08i,1,1,0,,03.03.13 11:08,03.03.13 11:10,01.01.01 00:00,0,6,,,,,,,,
130303_09i,0,0,0,continuation,25.02.13 16:40,03.03.13 17:28,03.03.13 17:28,0,99,,,,,,,,
130304_01i,1,1,0,,04.03.13 14:30,04.03.13 14:32,01.01.01 00:00,0,5,,,,,,,,
130304_02i,1,1,0,,04.03.13 14:06,04.03.13 14:08,01.01.01 00:00,0,5,,,,,,,,
130304_03i,1,1,0,,04.03.13 13:12,04.03.13 13:16,01.01.01 00:00,0,5,,,,,,,,
130304_04i,1,1,0,,04.03.13 12:50,04.03.13 12:52,01.01.01 00:00,0,6,,,,,,,,
130307_01i,1,0,0,Feistel,07.03.13 13:40,07.03.13 15:12,01.01.01 00:00,1,99,,,,,,,,
130307_02i,1,0,0,Feistel,07.03.13 14:20,07.03.13 14:44,01.01.01 00:00,1,99,,,,,,,,
130307_03i,1,0,0,,07.03.13 17:06,07.03.13 17:32,01.01.01 00:00,1,99,,,,,,,,
130307_04i,1,1,0,,07.03.13 15:46,07.03.13 15:48,01.01.01 00:00,1,4,,,,,,,,
130308_01i,1,1,0,,08.03.13 18:28,08.03.13 18:30,01.01.01 00:00,1,1,,,,,,,,
130308_01l,1,1,0,very short but visible crack formation,08.03.13 14:38,08.03.13 15:08,08.03.13 15:44,1,1,,,,,,,,
130308_02i,1,0,0,Feistel,08.03.13 14:10,08.03.13 16:28,01.01.01 00:00,1,99,,,,,,,,
130308_03i,1,1,0,,08.03.13 18:18,08.03.13 18:20,01.01.01 00:00,1,6,,,,,,,,
130308_04i,1,0,0,,08.03.13 11:28,08.03.13 16:28,01.01.01 00:00,1,99,,,,,,,,
130308_05i,1,0,0,,08.03.13 14:26,08.03.13 14:30,01.01.01 00:00,1,99,,,,,,,,
130308_06i,1,1,0,,08.03.13 14:40,08.03.13 14:42,01.01.01 00:00,1,1,,,,,,,,
130308_07i,1,0,0,,08.03.13 14:28,08.03.13 14:42,01.01.01 00:00,1,99,,,,,,,,
130308_08i,1,1,0,,08.03.13 11:34,08.03.13 11:36,01.01.01 00:00,1,1,,,,,,,,
130308_09i,1,1,0,,08.03.13 12:24,08.03.13 12:26,01.01.01 00:00,1,6,,,,,,,,
130308_10i,1,1,0,,08.03.13 11:22,08.03.13 11:24,01.01.01 00:00,1,9,,,,,,,,
130308_11i,1,1,0,,08.03.13 11:26,08.03.13 11:28,01.01.01 00:00,1,4,,,,,,,,
130308_12i,1,1,0,,08.03.13 10:22,08.03.13 10:24,01.01.01 00:00,1,6,,,,,,,,
130308_13i,1,1,0,,08.03.13 10:16,08.03.13 10:18,01.01.01 00:00,1,6,,,,,,,,
130308_14i,1,0,0,Feistel,06.03.13 14:00,08.03.13 11:28,01.01.01 00:00,1,99,,,,,,,,
130308_15i,1,0,0,Feistel,02.03.13 16:58,08.03.13 18:20,01.01.01 00:00,1,99,,,,,,,,
130309_01i,1,1,0,,09.03.13 18:10,09.03.13 18:12,01.01.01 00:00,1,1,,,,,,,,
130309_02i,1,1,0,,09.03.13 13:14,09.03.13 13:16,01.01.01 00:00,1,1,,,,,,,,
130310_02i,1,1,0,,10.03.13 11:40,10.03.13 12:00,01.01.01 00:00,1,6,,,,,,,,
130310_03i,1,1,0,,10.03.13 09:16,10.03.13 12:12,01.01.01 00:00,1,8,,,,,,,,
130311_01i,1,1,0,picture missing,10.03.13 16:42,10.03.13 16:44,01.01.01 00:00,1,99,,,,,,,,
130413_01i,1,0,0,Feistel,10.03.13 15:08,10.03.13 15:10,01.01.01 00:00,1,99,,,,,,,,
130413_03i,1,0,0,Feistel,13.04.13 12:18,13.04.13 15:04,01.01.01 00:00,1,99,,,,,,,,
130416_01i,1,0,0,,16.04.13 15:26,16.04.13 15:46,01.01.01 00:00,1,99,,,,,,,,
130416_02i,1,1,0,,16.04.13 10:34,16.04.13 10:36,01.01.01 00:00,1,6,,,,,,,,
130416_03i,1,1,0,,16.04.13 07:34,16.04.13 07:36,01.01.01 00:00,1,6,,,,,,,,
130420_01c,0,0,0,,20.04.13 14:32,21.04.13 11:54,21.04.13 11:54,1,1,6.681082691,0.03114453,0.100720561,0.037059342,0.994338838,1,asymptotic,0.110216088
130420_01l,1,0,0,,20.04.13 15:20,20.04.13 15:40,21.04.13 10:22,1,1,,,,,0,1,exponential,exponential
130421_01i,1,1,0,,21.04.13 10:20,21.04.13 10:22,01.01.01 00:00,1,9,,,,,,,,
131107_01i,1,1,0,,07.11.13 12:04,07.11.13 12:06,01.01.01 00:00,1,4,,,,,,,,
131107_01l,1,0,0,,07.11.13 10:08,07.11.13 13:44,07.11.13 14:20,1,1,4.350176846,0.093770007,-0.086808365,0.063873543,0.953060299,,,
131107_02i,1,1,0,,07.11.13 12:08,07.11.13 12:12,01.01.01 00:00,1,2,,,,,,,,
131107_02l,0,0,0,,07.11.13 11:04,07.11.13 14:20,07.11.13 14:20,1,1,5.911640048,0.169866594,-2.273045783,0.141808269,0.907126942,,,
131108_01i,1,1,0,,08.11.13 11:26,08.11.13 11:28,01.01.01 00:00,1,1,,,,,,,,
131108_02i,1,1,0,,08.11.13 11:22,08.11.13 11:24,01.01.01 00:00,1,2,,,,,,,,
131111_01i,1,1,0,,11.11.13 11:58,11.11.13 12:00,01.01.01 00:00,1,99,,,,,,,,
131112_01i,1,1,0,,12.11.13 12:04,12.11.13 12:06,01.01.01 00:00,1,99,,,,,,,,
131112_02i,1,1,0,,12.11.13 12:16,12.11.13 12:18,01.01.01 00:00,1,99,,,,,,,,
131116_01i,1,0,0,Feistel,16.11.13 13:50,16.11.13 14:02,01.01.01 00:00,1,99,,,,,,,,
131227_01c,0,0,0,snow on crack,27.12.13 09:38,04.01.14 16:34,04.01.14 16:34,0,1,5.698330842,0.005477551,-1.67015882,0.00838437,0.9977744,1,linear,0.184763551
131227_01i,1,1,0,,27.12.13 12:34,27.12.13 12:36,01.01.01 00:00,1,2,,,,,,,,
140220_01i,1,0,0,badly visible,20.02.14 12:36,20.02.14 16:20,01.01.01 00:00,0,99,,,,,,,,
140306_01l,1,0,0,camera movement,06.03.14 09:20,07.03.14 14:44,07.03.14 14:44,0,1,5.118080964,0.093752834,-1.355627575,0.149612912,0.8511939,1,asymptotic,0.08793808
140307_01c,0,0,0,initial crack openig not visible because of camera movement,07.03.14 14:54,13.03.14 14:12,13.03.14 14:12,1,1,5.657337209,0.003964874,-0.606020478,0.008766867,0.998925487,1,linear,0.41517154
140308_01i,2,1,0,,08.03.14 12:34,08.03.14 12:36,01.01.01 00:00,1,2,,,,,,,,
140309_01c,0,0,0,more giding and melting,09.03.14 09:02,13.03.14 14:12,13.03.14 14:12,1,2,2.511892254,0.003250634,0.168354059,0.018481015,0.997284351,1,exponential,0.544819809
140309_02c,0,0,0,more giding and melting,09.03.14 09:02,13.03.14 14:12,13.03.14 14:12,1,1,3.704456711,0.0039207,0.46506386,0.021226525,0.998181939,1,linear,0.429301089
140311_01c,0,0,0,"crack opening without avalanche, camera movement",11.03.14 08:54,21.03.14 17:58,21.03.14 17:58,1,10,26.61447649,0.055864826,-2.00017128,0.173870619,0.983886912,1,linear,0.240886308
140311_01i,1,1,0,,11.03.14 14:18,11.03.14 14:20,01.01.01 00:00,1,10,,,,,,,,
140317_01i,1,0,0,,17.03.14 12:16,17.03.14 14:04,01.01.01 00:00,1,99,,,,,,,,
140324_01c,0,0,0,"snow on crack, later turns into more melting than gliding…",24.03.14 09:42,28.03.14 07:06,28.03.14 07:06,1,1,5.079618635,0.055689895,2.023613954,0.086326966,0.863963005,1,linear,0.17858683
140324_01i,0,0,0,"badly visible cracks opening, snow on crack",24.03.14 09:42,24.03.14 14:58,24.03.14 14:58,1,99,,,,,,,,
141024_01i,1,1,0,,24.10.14 17:42,24.10.14 17:44,01.01.01 00:00,0,6,,,,,,,,
141024_01l,1,0,0,,23.10.14 18:44,25.10.14 11:56,25.10.14 17:48,1,2,1.418676036,0.060235525,9.828425535,0.145952158,0.536099078,1,asymptotic,0.264489062
141024_02i,1,1,0,,24.10.14 13:02,24.10.14 13:04,01.01.01 00:00,0,4,,,,,,,,
141024_02l,1,0,0,,24.10.14 09:56,24.10.14 15:28,24.10.14 16:50,0,4,3.051618178,0.04299745,-0.239734234,0.073621366,0.968467816,1,exponential,0.165954247
141024_03i,1,1,0,,24.10.14 13:20,24.10.14 13:22,01.01.01 00:00,0,6,,,,,,,,
141024_03l,1,0,1,,24.10.14 07:50,24.10.14 05:00,24.10.14 16:50,0,4,,,,,,,,
141024_04i,1,0,0,badly visible,23.10.14 11:19,24.10.14 14:56,01.01.01 00:00,0,99,,,,,,,,
141024_04l,1,0,0,,23.10.14 16:02,24.10.14 14:16,24.10.14 16:50,0,1,5.480925958,0.056569496,-0.395091319,0.20257897,0.969832702,1,asymptotic,0.187226064
141024_05i,1,1,1,overnight,23.10.14 18:46,24.10.14 05:00,01.01.01 00:00,0,1,,,,,,,,
141024_05l,1,0,0,,24.10.14 09:20,24.10.14 14:12,24.10.14 16:50,0,6,3.043557456,0.037785731,-0.962765487,0.061351766,0.978286922,1,asymptotic,0.079514105
141024_06l,1,0,0,lower part only,24.10.14 13:14,25.10.14 07:20,25.10.14 17:48,1,1,8.970277291,0.150630516,-0.227039504,0.098339319,0.956831245,1,asymptotic,0.048296833
141024_07l,1,0,0,left of 141024_2,24.10.14 14:42,25.10.14 10:18,25.10.14 17:48,1,1,3.614850322,0.112861045,-0.006132104,0.056244051,0.833451192,1,asymptotic,0.093711572
141024_08l,1,0,1,overnight,24.10.14 16:32,26.10.14 05:00,26.10.14 11:36,1,3,,,,,,,,
141025_01c,0,0,0,covered by other avalanche,25.10.14 16:52,25.10.14 18:36,25.10.14 18:36,1,9,7.502528929,0.313395,0.144542306,0.268875679,0.919756198,1,asymptotic,0.14527913
141025_01i,1,1,0,picture missing,25.10.14 17:38,25.10.14 17:40,01.01.01 00:00,1,99,,,,,,,,
141025_01l,1,0,0,,25.10.14 17:14,26.10.14 06:38,26.10.14 11:36,1,1,11.4419036,0.450292137,0.421569327,0.287043735,0.938923828,1,asymptotic,0.079610358
141025_02i,1,1,0,,25.10.14 18:30,25.10.14 18:32,01.01.01 00:00,1,5,,,,,,,,
141025_02l,1,1,0,,25.10.14 16:38,25.10.14 17:50,25.10.14 17:50,1,8,,,,,,,,
141025_03i,1,1,0,,25.10.14 17:08,25.10.14 17:10,01.01.01 00:00,1,6,,,,,,,,
141025_04i,1,1,0,,25.10.14 16:52,25.10.14 16:54,01.01.01 00:00,1,6,,,,,,,,
141025_05i,1,1,0,,25.10.14 16:38,25.10.14 16:40,01.01.01 00:00,1,4,,,,,,,,
141025_06i,1,1,0,,25.10.14 16:20,25.10.14 16:22,01.01.01 00:00,1,6,,,,,,,,
141025_08i,1,1,0,,25.10.14 16:06,25.10.14 16:08,01.01.01 00:00,1,1,,,,,,,,
141025_09i,1,1,0,,25.10.14 16:02,25.10.14 16:04,01.01.01 00:00,1,6,,,,,,,,
141025_10i,1,1,0,,25.10.14 15:38,25.10.14 15:40,01.01.01 00:00,1,5,,,,,,,,
141025_11i,1,1,0,,25.10.14 15:28,25.10.14 15:30,01.01.01 00:00,1,6,,,,,,,,
141025_12i,1,1,0,,25.10.14 14:12,25.10.14 14:14,01.01.01 00:00,1,5,,,,,,,,
141025_13i,1,1,0,,25.10.14 15:18,25.10.14 15:20,01.01.01 00:00,1,6,,,,,,,,
141025_14i,1,1,0,,25.10.14 15:20,25.10.14 15:22,01.01.01 00:00,1,6,,,,,,,,
141025_15i,1,1,0,,25.10.14 14:54,25.10.14 14:56,01.01.01 00:00,1,3,,,,,,,,
141025_17i,1,1,0,,25.10.14 13:08,25.10.14 13:10,01.01.01 00:00,1,10,,,,,,,,
141025_18i,1,1,0,,25.10.14 15:00,25.10.14 15:02,01.01.01 00:00,1,8,,,,,,,,
141025_19i,1,1,0,,25.10.14 14:56,25.10.14 14:58,01.01.01 00:00,1,1,,,,,,,,
141025_20i,1,1,0,,25.10.14 14:12,25.10.14 14:14,01.01.01 00:00,1,5,,,,,,,,
141026_01i,1,0,0,Feistel,26.10.14 10:58,26.10.14 13:46,01.01.01 00:00,1,99,,,,,,,,
141026_02i,1,1,0,,26.10.14 12:06,26.10.14 12:08,01.01.01 00:00,1,6,,,,,,,,
141026_03i,1,1,0,,26.10.14 11:42,26.10.14 11:44,01.01.01 00:00,1,9,,,,,,,,
141026_04i,1,1,0,,26.10.14 11:02,26.10.14 11:04,01.01.01 00:00,1,4,,,,,,,,
141026_05i,1,0,0,,26.10.14 11:18,26.10.14 11:38,01.01.01 00:00,1,99,,,,,,,,
141026_06i,1,1,0,,26.10.14 11:04,26.10.14 11:06,01.01.01 00:00,1,5,,,,,,,,
141026_07i,1,1,0,,26.10.14 11:08,26.10.14 11:10,01.01.01 00:00,1,5,,,,,,,,
141026_08i,1,0,0,,26.10.14 10:10,26.10.14 10:52,01.01.01 00:00,1,99,,,,,,,,
141026_09i,1,1,0,,26.10.14 10:24,26.10.14 10:36,01.01.01 00:00,1,4,,,,,,,,
141026_20i,1,1,0,,26.10.14 09:44,26.10.14 09:46,01.01.01 00:00,1,6,,,,,,,,
141026_21i,1,1,0,,26.10.14 08:04,26.10.14 08:08,01.01.01 00:00,1,5,,,,,,,,
141026_22i,1,1,0,,26.10.14 06:40,26.10.14 07:46,01.01.01 00:00,1,1,,,,,,,,
141026_23i,1,1,1,0vernight 30 avalanches ,25.10.14 18:40,26.10.14 05:00,01.01.01 00:00,1,1,,,,,,,,
141026_24i,1,1,1,0vernight 30 avalanches ,25.10.14 18:40,26.10.14 05:00,01.01.01 00:00,1,1,,,,,,,,
141026_25i,1,1,1,0vernight 30 avalanches ,25.10.14 18:40,26.10.14 05:00,01.01.01 00:00,1,1,,,,,,,,
141026_26i,1,1,1,0vernight 30 avalanches ,25.10.14 18:40,26.10.14 05:00,01.01.01 00:00,1,3,,,,,,,,
141026_27i,1,1,1,0vernight 30 avalanches ,25.10.14 18:40,26.10.14 05:00,01.01.01 00:00,1,3,,,,,,,,
141026_28i,1,1,1,0vernight 30 avalanches ,25.10.14 18:40,26.10.14 05:00,01.01.01 00:00,1,10,,,,,,,,
141026_29i,1,1,1,0vernight 30 avalanches ,25.10.14 18:40,26.10.14 05:00,01.01.01 00:00,1,10,,,,,,,,
141026_30i,1,1,1,0vernight 30 avalanches ,25.10.14 18:40,26.10.14 05:00,01.01.01 00:00,1,10,,,,,,,,
141026_31i,1,1,1,0vernight 30 avalanches ,25.10.14 18:40,26.10.14 05:00,01.01.01 00:00,1,6,,,,,,,,
141026_32i,1,1,1,0vernight 30 avalanches ,25.10.14 18:40,26.10.14 05:00,01.01.01 00:00,1,6,,,,,,,,
141026_33i,1,1,1,0vernight 30 avalanches ,25.10.14 18:40,26.10.14 05:00,01.01.01 00:00,1,10,,,,,,,,
141026_34i,1,1,1,0vernight 30 avalanches ,25.10.14 18:40,26.10.14 05:00,01.01.01 00:00,1,6,,,,,,,,
141026_35i,1,1,1,0vernight 30 avalanches ,25.10.14 18:40,26.10.14 05:00,01.01.01 00:00,1,6,,,,,,,,
141026_36i,1,1,1,0vernight 30 avalanches ,25.10.14 18:40,26.10.14 05:00,01.01.01 00:00,1,6,,,,,,,,
141026_37i,1,1,1,0vernight 30 avalanches ,25.10.14 18:40,26.10.14 05:00,01.01.01 00:00,1,6,,,,,,,,
141026_38i,1,1,1,0vernight 30 avalanches ,25.10.14 18:40,26.10.14 05:00,01.01.01 00:00,1,5,,,,,,,,
141026_39i,1,1,1,0vernight 30 avalanches ,25.10.14 18:40,26.10.14 05:00,01.01.01 00:00,1,6,,,,,,,,
141026_40i,1,1,1,0vernight 30 avalanches ,25.10.14 18:40,26.10.14 05:00,01.01.01 00:00,1,9,,,,,,,,
141026_41i,1,1,1,0vernight 30 avalanches ,25.10.14 18:40,26.10.14 05:00,01.01.01 00:00,1,6,,,,,,,,
141026_42i,1,1,1,0vernight 30 avalanches ,25.10.14 18:40,26.10.14 05:00,01.01.01 00:00,1,6,,,,,,,,
141026_43i,1,1,1,0vernight 30 avalanches ,25.10.14 18:40,26.10.14 05:00,01.01.01 00:00,1,8,,,,,,,,
141026_44i,1,1,1,0vernight 30 avalanches ,25.10.14 18:40,26.10.14 05:00,01.01.01 00:00,1,8,,,,,,,,
141026_47i,1,1,1,0vernight 30 avalanches ,25.10.14 18:40,26.10.14 05:00,01.01.01 00:00,1,9,,,,,,,,
141026_48i,1,1,1,0vernight 30 avalanches ,25.10.14 18:40,26.10.14 05:00,01.01.01 00:00,1,4,,,,,,,,
141026_49i,1,1,1,0vernight 30 avalanches ,25.10.14 18:40,26.10.14 05:00,01.01.01 00:00,1,1,,,,,,,,
141026_50i,1,1,1,0vernight 30 avalanches ,25.10.14 18:40,26.10.14 05:00,01.01.01 00:00,1,4,,,,,,,,
141026_51i,1,1,1,0vernight 30 avalanches ,25.10.14 18:40,26.10.14 05:00,01.01.01 00:00,1,6,,,,,,,,
141026_52i,1,1,1,0vernight 30 avalanches ,25.10.14 18:40,26.10.14 05:00,01.01.01 00:00,1,1,,,,,,,,
141029_01i,0,0,0,3 glide cracks in center form but do not expand,26.10.14 12:08,29.10.14 11:40,01.01.01 00:00,1,99,,,,,,,,
150103_01c,0,0,0,snow on crack ,03.01.15 09:58,10.01.15 16:14,10.01.15 16:14,0,1,3.675824162,0.017629298,-1.516970042,0.043764426,0.95308559,1,asymptotic,0.181672553
150218_01i,1,1,0,,18.02.15 14:56,18.02.15 14:58,01.01.01 00:00,0,6,,,,,,,,
150223_01i,0,0,0,"badly visible, snow on crack",11.02.15 16:44,23.02.15 17:50,01.01.01 00:00,0,99,,,,,,,,
150318_01i,1,0,0,not immediate release,18.03.15 15:16,18.03.15 15:18,01.01.01 00:00,1,99,,,,,,,,
150318_03i,1,0,0,Feistel,17.03.15 16:30,18.03.15 15:18,01.01.01 00:00,1,99,,,,,,,,
150319_01i,1,0,0,Feistel,19.03.15 11:30,19.03.15 11:36,01.01.01 00:00,1,99,,,,,,,,
150319_05i,1,1,0,,19.03.15 11:48,19.03.15 11:50,01.01.01 00:00,1,8,,,,,,,,
150319_06i,1,1,1,,18.03.15 16:36,19.03.15 05:00,01.01.01 00:00,1,1,,,,,,,,
150319_07i,1,1,1,,18.03.15 16:36,19.03.15 05:00,01.01.01 00:00,1,6,,,,,,,,
150319_08i,1,1,1,,18.03.15 16:36,19.03.15 05:00,01.01.01 00:00,1,6,,,,,,,,
150319_09i,1,1,1,,18.03.15 16:36,19.03.15 05:00,01.01.01 00:00,1,6,,,,,,,,
150321_01i,0,0,0,"not really an avalanche more successive gliding, then snow",08.03.15 07:50,21.03.15 12:36,21.03.15 12:36,1,99,,,,,,,,
150322_01i,1,1,0,,22.03.15 17:50,22.03.15 17:52,01.01.01 00:00,1,6,,,,,,,,
150322_02i,1,1,0,picture missing,22.03.15 13:10,22.03.15 13:12,01.01.01 00:00,1,99,,,,,,,,
150322_03i,1,1,0,,22.03.15 15:40,22.03.15 15:42,01.01.01 00:00,1,99,,,,,,,,
150331_01c,0,0,0,snow on crack,31.03.15 09:36,31.03.15 18:32,31.03.15 18:32,1,1,3.485882766,0.057063195,-0.229516506,0.125310381,0.933462693,1,asymptotic,0.145636277
150331_02i,1,0,0,,31.03.15 17:08,31.03.15 17:10,01.01.01 00:00,1,99,,,,,,,,
150331_03i,1,0,0,,31.03.15 16:50,31.03.15 16:52,01.01.01 00:00,1,99,,,,,,,,
150331_04i,1,0,0,,31.03.15 14:16,31.03.15 14:18,01.01.01 00:00,1,99,,,,,,,,
150331_05i,1,1,0,,31.03.15 10:42,31.03.15 13:46,01.01.01 00:00,1,1,,,,,,,,
150331_06i,1,0,0,,31.03.15 12:08,31.03.15 12:10,01.01.01 00:00,1,99,,,,,,,,
150331_07i,1,1,0,,31.03.15 11:04,31.03.15 11:06,01.01.01 00:00,1,10,,,,,,,,
150331_08i,1,1,0,,31.03.15 12:00,31.03.15 12:02,01.01.01 00:00,1,4,,,,,,,,
150331_09i,1,1,0,,31.03.15 11:44,31.03.15 11:46,01.01.01 00:00,1,6,,,,,,,,
150331_10i,1,1,0,,31.03.15 11:42,31.03.15 11:44,01.01.01 00:00,1,6,,,,,,,,
150403_01c,0,0,0,long opening of crack turning into more melting than gliding,03.04.15 07:56,11.04.15 14:10,11.04.15 14:10,1,1,3.650102789,0.009279065,4.134689035,0.067925098,0.980738847,1,asymptotic,0.912865929
150403_01i,1,0,0,,03.04.15 13:26,03.04.15 13:28,01.01.01 00:00,1,99,,,,,,,,
150403_01l,1,0,0,,03.04.15 07:56,03.04.15 14:46,03.04.15 18:46,1,2,2.082705816,0.153927386,0.02824846,0.107868176,0.474192573,1,linear,0.048130134
150404_01i,1,1,0,,04.04.15 17:42,04.04.15 17:44,01.01.01 00:00,1,1,,,,,,,,
150410_03i,1,0,0,,10.04.15 14:44,10.04.15 14:46,01.01.01 00:00,1,99,,,,,,,,
150410_04i,1,0,0,,10.04.15 14:38,10.04.15 14:40,01.01.01 00:00,1,99,,,,,,,,
150411_02i,1,0,0,,11.04.15 14:14,11.04.15 14:16,01.01.01 00:00,1,99,,,,,,,,
150411_03i,1,1,0,,11.04.15 16:08,11.04.15 16:10,01.01.01 00:00,1,3,,,,,,,,
150412_01c,0,0,0,crack opening and melting ,12.04.15 07:28,17.04.15 11:48,17.04.15 11:48,1,10,10.22532775,0.027877486,-1.873836885,0.098996311,0.984789562,1,asymptotic,0.221325741
150412_02i,1,1,0,,12.04.15 13:58,12.04.15 14:00,01.01.01 00:00,1,6,,,,,,,,
150412_05i,1,1,0,,12.04.15 12:40,12.04.15 12:42,01.01.01 00:00,1,5,,,,,,,,
150414_01i,1,1,1,overnight,13.04.15 15:58,14.04.15 05:00,01.01.01 00:00,1,6,,,,,,,,
150414_02i,1,1,1,overnight,13.04.15 15:58,14.04.15 05:00,01.01.01 00:00,1,2,,,,,,,,
160125_01i,1,1,0,picture missing,25.01.16 14:30,25.01.16 14:35,01.01.01 00:00,0,99,,,,,,,,
160127_01i,1,0,1,Feistel,27.01.16 07:00,27.01.16 05:00,01.01.01 00:00,1,99,,,,,,,,
160129_01i,1,0,0,Feistel,29.01.16 12:10,29.01.16 14:45,01.01.01 00:00,1,99,,,,,,,,
160129_01l,1,0,0,,25.01.16 14:10,29.01.16 13:15,29.01.16 17:00,1,4,8.117066119,0.13828761,-0.390958545,0.117037816,0.880633984,,,
160129_02i,1,0,0,Feistel,29.01.16 13:15,29.01.16 13:30,01.01.01 00:00,1,99,,,,,,,,
160129_03i,1,1,0,,29.01.16 13:55,29.01.16 14:00,01.01.01 00:00,1,5,,,,,,,,
160129_04i,1,1,0,,29.01.16 14:45,29.01.16 14:50,01.01.01 00:00,1,6,,,,,,,,
160129_05i,1,1,0,,29.01.16 13:55,29.01.16 14:00,01.01.01 00:00,1,6,,,,,,,,
160202_01i,1,1,0,,02.02.16 15:10,02.02.16 15:15,01.01.01 00:00,1,6,,,,,,,,
160202_02i,1,1,0,,02.02.16 15:25,02.02.16 15:30,01.01.01 00:00,1,5,,,,,,,,
160202_03i,1,0,0,,02.02.16 13:30,02.02.16 14:40,01.01.01 00:00,1,99,,,,,,,,
160202_04i,1,1,0,,02.02.16 12:30,02.02.16 12:35,01.01.01 00:00,1,4,,,,,,,,
160202_05i,1,0,0,,02.02.16 13:20,02.02.16 13:25,01.01.01 00:00,1,99,,,,,,,,
160202_06i,1,1,0,,02.02.16 12:05,02.02.16 12:10,01.01.01 00:00,1,8,,,,,,,,
160202_07i,1,1,0,,02.02.16 11:25,02.02.16 11:30,01.01.01 00:00,1,5,,,,,,,,
160202_08i,1,1,0,,02.02.16 10:35,02.02.16 10:40,01.01.01 00:00,1,6,,,,,,,,
160202_09i,1,1,0,,02.02.16 10:15,02.02.16 10:20,01.01.01 00:00,1,6,,,,,,,,
160222_01i,1,0,1,,22.02.16 17:35,22.02.16 05:00,01.01.01 00:00,1,99,,,,,,,,
160222_02i,1,1,0,,22.02.16 16:40,22.02.16 16:45,01.01.01 00:00,1,99,,,,,,,,
160222_03i,1,1,0,picture missing,22.02.16 16:20,22.02.16 16:25,01.01.01 00:00,1,99,,,,,,,,
160222_04i,1,0,0,,22.02.16 16:10,22.02.16 16:15,01.01.01 00:00,1,99,,,,,,,,
160222_05i,1,1,0,,22.02.16 16:05,22.02.16 16:10,01.01.01 00:00,1,5,,,,,,,,
160222_06i,1,1,0,,22.02.16 15:25,22.02.16 15:30,01.01.01 00:00,1,9,,,,,,,,
160222_07i,1,1,0,right above previous one,22.02.16 14:25,22.02.16 14:30,01.01.01 00:00,1,6,,,,,,,,
160222_08i,1,1,0,,22.02.16 14:20,22.02.16 14:25,01.01.01 00:00,1,6,,,,,,,,
160222_09i,1,1,0,,22.02.16 09:10,22.02.16 09:15,01.01.01 00:00,1,5,,,,,,,,
160222_10i,1,0,0,Feistel,21.02.16 11:00,22.02.16 15:30,01.01.01 00:00,1,99,,,,,,,,
160223_01i,1,0,1,Feistel,23.02.16 07:00,23.02.16 05:00,01.01.01 00:00,1,99,,,,,,,,
160223_02i,1,1,0,,23.02.16 12:30,23.02.16 12:35,01.01.01 00:00,1,1,,,,,,,,
160224_01i,1,1,0,,24.02.16 13:10,24.02.16 13:15,01.01.01 00:00,1,6,,,,,,,,
160313_01c,0,0,0,camera movement,13.03.16 12:35,21.03.16 11:40,21.03.16 11:40,1,1,3.329248753,0.020350021,0.010573731,0.048347539,0.958631395,1,asymptotic,0.261262909
160319_01i,1,0,0,,19.03.16 16:15,19.03.16 16:20,01.01.01 00:00,1,99,,,,,,,,
160319_02i,1,0,0,,19.03.16 15:20,19.03.16 14:25,01.01.01 00:00,1,99,,,,,,,,
160319_03i,1,0,0,,19.03.16 15:10,19.03.16 15:15,01.01.01 00:00,1,99,,,,,,,,
160319_04i,1,1,0,,19.03.16 13:45,19.03.16 13:50,01.01.01 00:00,1,6,,,,,,,,
160319_05i,1,1,0,,19.03.16 13:20,19.03.16 13:25,01.01.01 00:00,1,6,,,,,,,,
160319_06i,1,1,0,,19.03.16 13:10,19.03.16 13:15,01.01.01 00:00,1,6,,,,,,,,
160319_07i,1,0,0,Feistel,17.03.16 14:20,19.03.16 12:30,01.01.01 00:00,1,99,,,,,,,,
160320_01i,1,0,0,Feistel,20.03.16 13:20,20.03.16 14:45,01.01.01 00:00,1,99,,,,,,,,
160320_02i,1,0,0,Feistel,20.03.16 10:00,20.03.16 14:00,01.01.01 00:00,1,99,,,,,,,,
160320_03i,1,0,0,Feistel,20.03.16 12:35,20.03.16 14:30,01.01.01 00:00,1,99,,,,,,,,
160320_05i,1,1,0,,20.03.16 12:30,20.03.16 12:35,01.01.01 00:00,1,6,,,,,,,,
160321_01i,1,0,0,Feistel,21.03.16 10:00,21.03.16 15:15,01.01.01 00:00,1,99,,,,,,,,
160321_02i,1,0,0,Feistel,21.03.16 13:00,21.03.16 14:40,01.01.01 00:00,1,99,,,,,,,,
160321_03i,1,1,0,,21.03.16 15:10,21.03.16 15:15,01.01.01 00:00,1,1,,,,,,,,
160328_01i,1,1,0,,28.03.16 10:40,28.03.16 10:45,01.01.01 00:00,1,6,,,,,,,,
160329_01i,1,1,0,,29.03.16 17:05,29.03.16 17:10,01.01.01 00:00,1,6,,,,,,,,
160329_02i,1,1,0,,29.03.16 15:40,29.03.16 15:45,01.01.01 00:00,1,4,,,,,,,,
160329_03i,1,1,0,,29.03.16 15:35,29.03.16 15:40,01.01.01 00:00,1,6,,,,,,,,
160329_04i,1,1,0,,29.03.16 15:25,29.03.16 15:30,01.01.01 00:00,1,5,,,,,,,,
160330_01i,1,1,0,,30.03.16 13:00,30.03.16 13:05,01.01.01 00:00,1,1,,,,,,,,
160330_02i,1,1,0,,30.03.16 13:00,30.03.16 13:05,01.01.01 00:00,1,4,,,,,,,,
160330_04i,1,1,0,,30.03.16 12:30,30.03.16 12:35,01.01.01 00:00,1,1,,,,,,,,
160330_05i,1,1,0,picture missing,30.03.16 12:30,30.03.16 12:35,01.01.01 00:00,1,99,,,,,,,,
160330_06i,1,1,0,,30.03.16 11:15,30.03.16 11:20,01.01.01 00:00,1,4,,,,,,,,
160330_07i,1,1,0,,30.03.16 11:30,30.03.16 11:35,01.01.01 00:00,1,1,,,,,,,,
160330_09i,1,0,0,,30.03.16 11:20,30.03.16 11:25,01.01.01 00:00,1,99,,,,,,,,
160401_01i,1,1,0,,01.04.16 09:15,01.04.16 09:20,01.01.01 00:00,1,6,,,,,,,,
160401_02i,1,0,0,,01.04.16 07:30,01.04.16 07:35,01.01.01 00:00,1,99,,,,,,,,
160403_01i,1,0,0,,03.04.16 15:50,03.04.16 15:55,01.01.01 00:00,1,99,,,,,,,,
160419_01i,1,0,0,Feistel,19.04.16 11:30,19.04.16 14:00,01.01.01 00:00,1,99,,,,,,,,
161117_01i,1,0,0,Feistel,17.11.16 13:00,17.11.16 13:30,01.01.01 00:00,1,99,,,,,,,,
170203_01i,1,0,0,,03.02.17 14:50,03.02.17 15:10,01.01.01 00:00,1,99,,,,,,,,
170211_01c,0,0,0,change in camera position,11.02.17 10:40,16.02.17 09:50,16.02.17 09:50,1,1,3.753341464,0.068315759,-0.164316031,0.031301084,0.904691176,,,
170214_01i,1,1,0,,14.02.17 15:00,14.02.17 15:10,01.01.01 00:00,1,5,,,,,,,,
170214_02i,1,0,0,,14.02.17 14:50,14.02.17 15:00,01.01.01 00:00,1,99,,,,,,,,
170214_03i,1,1,0,,14.02.17 14:10,14.02.17 14:20,01.01.01 00:00,1,6,,,,,,,,
170215_01i,1,1,0,,15.02.17 14:30,15.02.17 14:40,01.01.01 00:00,1,6,,,,,,,,
170215_02i,1,1,0,picture missing,15.02.17 14:00,15.02.17 14:10,01.01.01 00:00,1,99,,,,,,,,
170215_03i,1,1,0,,15.02.17 13:50,15.02.17 13:52,01.01.01 00:00,1,6,,,,,,,,
170215_04i,1,0,0,,15.02.17 13:40,15.02.17 13:50,01.01.01 00:00,1,99,,,,,,,,
170215_05i,1,1,0,,15.02.17 13:30,15.02.17 13:40,01.01.01 00:00,1,5,,,,,,,,
170215_06i,1,1,0,,15.02.17 13:40,15.02.17 13:50,01.01.01 00:00,1,5,,,,,,,,
170215_07i,1,1,0,,15.02.17 12:30,15.02.17 12:40,01.01.01 00:00,1,6,,,,,,,,
170215_08i,1,1,0,,15.02.17 12:00,15.02.17 12:10,01.01.01 00:00,1,6,,,,,,,,
170220_01c,0,0,0,snow on crack,20.02.17 08:10,28.02.17 07:50,28.02.17 07:50,1,1,4.501375274,0.049389571,-0.268879515,0.066671726,0.943545409,1,asymptotic,0.275360697
170223_01i,1,1,0,,23.02.17 14:40,23.02.17 14:50,01.01.01 00:00,1,4,,,,,,,,
170223_02i,1,0,0,,23.02.17 14:40,23.02.17 14:50,01.01.01 00:00,1,99,,,,,,,,
170223_03i,1,1,0,,23.02.17 14:00,23.02.17 14:10,01.01.01 00:00,1,6,,,,,,,,
170223_04i,1,1,0,,23.02.17 14:50,23.02.17 15:00,01.01.01 00:00,1,6,,,,,,,,
170226_01c,0,0,0,obove big crack,26.02.17 16:00,28.02.17 07:50,28.02.17 07:50,1,1,6.034027982,0.121261904,-0.268202178,0.065878985,0.967944794,,,
170301_01c,0,0,0,might be mainly melting,01.03.17 11:10,04.03.17 11:10,04.03.17 11:10,1,1,6.287799648,0.056368826,-0.358307796,0.048146625,0.985818229,1,linear,0.22325398
170310_01c,0,0,0,,10.03.17 12:00,17.03.17 13:00,17.03.17 13:00,1,1,3.542820916,0.046772879,4.178878094,0.106300321,0.917924396,1,linear,0.403944743
170310_01i,1,1,0,picture missing,10.03.17 12:50,10.03.17 13:00,01.01.01 00:00,1,99,,,,,,,,
170312_01i,1,1,0,,12.03.17 15:20,12.03.17 15:30,01.01.01 00:00,1,6,,,,,,,,
170312_02i,1,0,0,Feistel,12.03.17 11:40,12.03.17 12:20,01.01.01 00:00,1,99,,,,,,,,
170312_04i,1,0,0,,12.03.17 12:00,12.03.17 12:40,01.01.01 00:00,1,99,,,,,,,,
170312_05i,1,0,0,,12.03.17 13:10,12.03.17 13:40,01.01.01 00:00,1,99,,,,,,,,
170312_06i,1,1,0,,12.03.17 10:20,12.03.17 10:30,01.01.01 00:00,1,4,,,,,,,,
170312_07i,1,1,0,,12.03.17 12:20,12.03.17 12:30,01.01.01 00:00,1,5,,,,,,,,
170313_01i,1,0,0,,13.03.17 11:00,13.03.17 14:50,01.01.01 00:00,1,99,,,,,,,,
170313_02i,1,1,0,,13.03.17 14:20,13.03.17 14:30,01.01.01 00:00,1,6,,,,,,,,
170313_03i,1,1,0,,13.03.17 14:20,13.03.17 14:30,01.01.01 00:00,1,6,,,,,,,,
170313_04i,1,1,0,,13.03.17 13:30,13.03.17 13:40,01.01.01 00:00,1,6,,,,,,,,
170314_01i,1,1,0,,14.03.17 14:00,14.03.17 14:10,01.01.01 00:00,1,5,,,,,,,,
170314_03i,1,1,0,picture missing,14.03.17 14:00,14.03.17 14:10,01.01.01 00:00,1,99,,,,,,,,
170315_01i,1,1,0,,15.03.17 11:30,15.03.17 11:40,01.01.01 00:00,1,3,,,,,,,,
170316_01i,1,1,0,,16.03.17 14:40,16.03.17 14:50,01.01.01 00:00,1,6,,,,,,,,
170316_02i,1,0,0,,16.03.17 15:00,16.03.17 15:10,01.01.01 00:00,1,99,,,,,,,,
170316_03i,1,1,0,,16.03.17 14:10,16.03.17 14:20,01.01.01 00:00,1,6,,,,,,,,
170316_04i,1,1,0,,16.03.17 13:40,16.03.17 13:50,01.01.01 00:00,1,6,,,,,,,,
170316_05i,1,1,0,,16.03.17 12:10,16.03.17 12:20,01.01.01 00:00,1,6,,,,,,,,
170316_06i,1,1,0,,15.03.17 15:30,16.03.17 13:20,01.01.01 00:00,1,6,,,,,,,,
170317_01i,1,1,0,,17.03.17 14:00,17.03.17 14:10,01.01.01 00:00,1,6,,,,,,,,
170317_02i,1,0,0,,17.03.17 13:00,17.03.17 13:10,01.01.01 00:00,1,99,,,,,,,,
170317_03i,1,1,0,,17.03.17 13:50,17.03.17 14:00,01.01.01 00:00,1,6,,,,,,,,
170317_04i,1,1,0,,17.03.17 13:40,17.03.17 13:50,01.01.01 00:00,1,6,,,,,,,,
170317_05i,1,1,0,,17.03.17 12:50,17.03.17 13:00,01.01.01 00:00,1,6,,,,,,,,
170317_06i,1,1,0,,17.03.17 11:00,17.03.17 11:10,01.01.01 00:00,1,5,,,,,,,,
170319_01i,1,0,0,Feistel,17.03.17 17:30,19.03.17 16:00,01.01.01 00:00,1,99,,,,,,,,
170320_01i,1,1,0,,20.03.17 17:11,20.03.17 17:20,01.01.01 00:00,1,5,,,,,,,,
170320_10i,1,1,0,,20.03.17 09:19,20.03.17 10:23,01.01.01 00:00,1,6,,,,,,,,
170321_01i,1,1,0,,21.03.17 14:50,21.03.17 15:00,01.01.01 00:00,1,6,,,,,,,,
170321_02i,1,1,0,,21.03.17 14:30,21.03.17 14:40,01.01.01 00:00,1,5,,,,,,,,
170321_03i,1,1,0,,21.03.17 14:20,21.03.17 14:30,01.01.01 00:00,1,6,,,,,,,,
170321_04i,1,1,0,picture missing,21.03.17 13:50,21.03.17 14:00,01.01.01 00:00,1,99,,,,,,,,
170321_05i,1,0,0,,21.03.17 12:30,21.03.17 12:40,01.01.01 00:00,1,99,,,,,,,,
170321_06i,1,1,0,,21.03.17 11:20,21.03.17 11:30,01.01.01 00:00,1,6,,,,,,,,
170328_01i,1,1,0,,28.03.17 14:30,28.03.17 14:40,01.01.01 00:00,1,6,,,,,,,,
170330_01i,1,0,0,,30.03.17 11:20,30.03.17 11:30,01.01.01 00:00,1,99,,,,,,,,
170429_01i,1,0,0,Feistel,29.04.17 11:00,29.04.17 12:00,01.01.01 00:00,1,99,,,,,,,,
171107_01l,1,0,0,,07.11.17 12:05,08.11.17 12:55,09.11.17 11:05,1,99,,,,,,,,
171108_01l,1,0,0,,08.11.17 08:25,09.11.17 11:05,09.11.17 12:55,1,99,,,,,,,,
171109_01i,1,1,0,,09.11.17 11:10,09.11.17 11:15,01.01.01 00:00,1,99,,,,,,,,
171118_02i,0,0,0,,14.11.17 13:00,18.11.17 17:15,18.11.17 17:15,1,1,8.92562218,0.081773481,-1.424034245,0.095386186,0.956870405,1,asymptotic,0.140945112
180104_01i,1,1,0,HUGE AVALANCHE,04.01.18 08:10,04.01.18 08:15,01.01.01 00:00,0,1,,,,,,,,
180105_01c,0,0,0,snow on crack,05.01.18 14:10,08.01.18 16:50,08.01.18 16:50,0,99,,,,,,,,
180105_01i,1,1,0,,05.01.18 09:50,05.01.18 09:55,01.01.01 00:00,1,1,,,,,,,,
180105_02c,0,0,0,snow on crack,05.01.18 16:40,08.01.18 16:50,08.01.18 16:50,0,99,,,,,,,,
180105_02i,1,1,0,,05.01.18 07:55,05.01.18 08:00,01.01.01 00:00,0,6,,,,,,,,
180105_03i,1,1,0,HUGE AVALANCHE,04.01.18 17:10,05.01.18 07:40,01.01.01 00:00,0,5,,,,,,,,
180105_05i,1,1,0,HUGE AVALANCHEpicture missing,04.01.18 17:10,05.01.18 07:40,01.01.01 00:00,0,99,,,,,,,,
180106_01i,1,1,0,,06.01.18 13:05,06.01.18 13:10,01.01.01 00:00,0,4,,,,,,,,
180107_01c,0,0,0,snow on crack,07.01.18 12:45,08.01.18 16:50,08.01.18 16:50,0,99,,,,,,,,
180107_01i,1,1,0,picture missing,07.01.18 12:00,07.01.18 12:05,01.01.01 00:00,0,99,,,,,,,,
180107_01l,1,0,0,,07.01.18 09:45,07.01.18 15:15,08.01.18 12:00,0,99,,,,,,,,
180109_01i,1,1,0,,09.01.18 13:35,09.01.18 13:40,01.01.01 00:00,0,5,,,,,,,,
180122_01l,1,0,0,snow on crack,22.01.18 14:50,24.01.18 14:10,31.01.18 17:10,0,99,,,,,,,,
180123_01i,1,1,0,,23.01.18 11:20,23.01.18 11:25,01.01.01 00:00,0,5,,,,,,,,
180124_01i,1,0,1,Feistel,23.01.18 07:00,24.01.18 05:00,01.01.01 00:00,0,99,,,,,,,,
180126_01c,0,0,0,,26.01.18 13:10,31.01.18 17:10,31.01.18 17:10,0,99,,,,,,,,
180127_01i,1,1,0,also seen in 180122_1,27.01.18 15:20,27.01.18 15:25,01.01.01 00:00,0,6,,,,,,,,
180128_01i,1,0,0,,28.01.18 15:00,28.01.18 17:35,01.01.01 00:00,0,99,,,,,,,,
180129_01i,1,0,0,,29.01.18 10:30,29.01.18 15:10,01.01.01 00:00,0,99,,,,,,,,
180129_02i,1,0,0,,29.01.18 12:20,29.01.18 12:25,01.01.01 00:00,0,99,,,,,,,,
180129_03i,1,0,1,Feistel,28.01.18 07:00,29.01.18 05:00,01.01.01 00:00,0,99,,,,,,,,
180130_01i,1,0,1,Feistel,30.01.18 07:00,30.01.18 05:00,01.01.01 00:00,0,99,,,,,,,,
180130_02i,1,1,0,,30.01.18 15:30,30.01.18 15:35,01.01.01 00:00,0,99,,,,,,,,
180130_03i,1,1,0,,30.01.18 13:00,30.01.18 13:05,01.01.01 00:00,0,6,,,,,,,,
180131_01i,1,0,0,,31.01.18 16:45,31.01.18 16:50,01.01.01 00:00,0,99,,,,,,,,
180201_01i,1,0,0,,31.01.18 17:15,01.02.18 07:35,01.01.01 00:00,0,99,,,,,,,,
180211_01i,0,0,0,snow on crack,04.02.18 14:30,11.02.18 18:00,11.02.18 18:00,0,6,8.83852844,0.026282833,-0.629489686,0.047937816,0.992565921,1,asymptotic,0.087487622
180313_01i,1,1,0,,13.03.18 17:45,13.03.18 17:50,01.01.01 00:00,1,1,,,,,,,,
180313_02i,1,1,0,,13.03.18 14:55,13.03.18 15:05,01.01.01 00:00,1,1,,,,,,,,
180314_01i,1,0,0,Feistel,14.03.18 10:10,14.03.18 17:05,01.01.01 00:00,1,99,,,,,,,,
180314_02i,1,1,0,,14.03.18 10:00,14.03.18 10:05,01.01.01 00:00,1,1,,,,,,,,
180315_01i,1,1,1,overnight,14.03.18 18:55,15.03.18 05:00,01.01.01 00:00,1,5,,,,,,,,
180403_01i,1,1,0,,03.04.18 15:30,03.04.18 15:35,01.01.01 00:00,1,3,,,,,,,,
180403_02i,1,1,0,,03.04.18 17:35,03.04.18 17:40,01.01.01 00:00,1,6,,,,,,,,
180403_03i,1,1,0,,03.04.18 15:40,03.04.18 15:45,01.01.01 00:00,1,1,,,,,,,,
180403_04i,1,1,0,,03.04.18 17:50,03.04.18 17:55,01.01.01 00:00,1,4,,,,,,,,
180403_05i,1,1,0,,03.04.18 13:20,03.04.18 13:25,01.01.01 00:00,1,6,,,,,,,,
180403_07i,1,1,0,,03.04.18 17:50,03.04.18 17:55,01.01.01 00:00,1,6,,,,,,,,
180403_08i,1,1,1,overnight picture missing,26.02.18 10:35,03.04.18 05:00,01.01.01 00:00,1,99,,,,,,,,
180404_01i,1,1,0,,04.04.18 18:15,04.04.18 18:20,01.01.01 00:00,1,6,,,,,,,,
180404_02i,1,0,0,Feistel,04.04.18 09:00,04.04.18 17:40,01.01.01 00:00,1,99,,,,,,,,
180404_03i,1,1,0,,04.04.18 15:45,04.04.18 15:50,01.01.01 00:00,1,6,,,,,,,,
180404_04i,1,1,0,,04.04.18 13:35,04.04.18 13:40,01.01.01 00:00,1,6,,,,,,,,
180404_05i,1,1,0,,04.04.18 12:05,04.04.18 12:10,01.01.01 00:00,1,6,,,,,,,,
180404_06i,1,1,0,,04.04.18 11:45,04.04.18 11:50,01.01.01 00:00,1,6,,,,,,,,
180404_07i,1,1,1,overnight,03.04.18 20:15,04.04.18 05:00,01.01.01 00:00,1,4,,,,,,,,
180405_01i,1,0,0,,05.04.18 11:30,05.04.18 15:00,01.01.01 00:00,1,99,,,,,,,,
180405_03i,1,1,0,,05.04.18 14:15,05.04.18 14:20,01.01.01 00:00,1,1,,,,,,,,
180405_05i,1,1,0,,05.04.18 14:15,05.04.18 14:20,01.01.01 00:00,1,5,,,,,,,,
180407_01i,1,1,0,,07.04.18 14:35,07.04.18 14:40,01.01.01 00:00,1,6,,,,,,,,
180407_02i,1,0,0,,07.04.18 10:55,07.04.18 11:00,01.01.01 00:00,1,99,,,,,,,,
180407_03i,1,0,0,Feistel,03.04.18 12:00,07.04.18 11:00,01.01.01 00:00,1,99,,,,,,,,
180408_01i,1,1,0,,08.04.18 20:05,08.04.18 20:10,01.01.01 00:00,1,6,,,,,,,,
180408_02i,1,0,0,,08.04.18 17:40,08.04.18 17:45,01.01.01 00:00,1,99,,,,,,,,
180408_03i,1,0,0,,08.04.18 15:20,08.04.18 15:25,01.01.01 00:00,1,99,,,,,,,,
180408_04i,1,1,0,,08.04.18 13:45,08.04.18 13:50,01.01.01 00:00,1,10,,,,,,,,
180408_05i,1,1,0,,08.04.18 12:30,08.04.18 12:35,01.01.01 00:00,1,6,,,,,,,,
180408_06i,1,1,0,,08.04.18 12:20,08.04.18 12:25,01.01.01 00:00,1,5,,,,,,,,
180408_07i,1,1,0,,08.04.18 11:35,08.04.18 11:40,01.01.01 00:00,1,6,,,,,,,,
180408_09i,1,0,0,Feistel,05.04.18 10:30,08.04.18 15:25,01.01.01 00:00,1,99,,,,,,,,
180409_01i,1,0,0,very long crack opening before,09.04.18 17:50,09.04.18 17:55,01.01.01 00:00,1,99,,,,,,,,
180410_01i,1,1,0,,10.04.18 10:00,10.04.18 10:05,01.01.01 00:00,1,6,,,,,,,,
180410_02i,1,1,1,overnight,09.04.18 20:20,10.04.18 05:00,01.01.01 00:00,1,1,,,,,,,,
180417_01i,1,1,0,picture missing,17.04.18 14:45,17.04.18 14:50,01.01.01 00:00,1,99,,,,,,,,
180417_02i,1,1,0,picture missing,17.04.18 13:15,17.04.18 13:20,01.01.01 00:00,1,99,,,,,,,,
180420_01i,1,1,0,,20.04.18 12:50,20.04.18 12:55,01.01.01 00:00,1,99,,,,,,,,
180421_01i,1,1,0,,21.04.18 12:35,21.04.18 12:40,01.01.01 00:00,1,6,,,,,,,,
180422_01i,1,0,0,,22.04.18 13:45,22.04.18 13:50,01.01.01 00:00,1,99,,,,,,,,
181029_01l,1,0,0,"crack formation might have started earlier, bad weather",29.10.18 06:40,29.10.18 07:55,29.10.18 07:55,1,99,,,,,,,,
181029_02l,1,0,0,"crack formation might have started earlier, bad weather",29.10.18 06:40,29.10.18 07:55,29.10.18 07:55,1,99,,,,,,,,
181029_03l,1,0,0,,29.10.18 07:35,29.10.18 08:05,29.10.18 08:05,1,99,,,,,,,,
181030_01i,1,1,0,,30.10.18 14:55,30.10.18 15:00,01.01.01 00:00,1,99,,,,,,,,
181212_01i,1,1,1,overnight,11.12.18 16:50,12.12.18 05:00,01.01.01 00:00,1,2,,,,,,,,
181222_01i,1,1,0,,22.12.18 10:55,22.12.18 11:00,01.01.01 00:00,0,9,,,,,,,,
181222_01l,1,0,0,,21.12.18 09:40,22.12.18 14:00,22.12.18 16:00,0,5,6.425184441,0.071255553,-2.879942303,0.103484807,0.982954152,1,exponential,0.1715469
181222_02i,1,1,0,,22.12.18 13:05,22.12.18 13:10,01.01.01 00:00,0,9,,,,,,,,
181222_02l,1,0,0,,21.12.18 09:40,22.12.18 11:50,22.12.18 15:50,0,5,3.376216076,0.11294705,-0.216444749,0.057974691,0.885973013,1,asymptotic,0.069468293
181222_03i,1,1,1,not sure if immediate release or not because o bad visibility,22.12.18 15:30,22.12.18 05:00,01.01.01 00:00,0,6,,,,,,,,
181222_03l,1,0,0,,22.12.18 10:40,22.12.18 14:20,22.12.18 16:20,0,4,4.902369132,0.267426811,-0.276649434,0.167600021,0.888903181,1,linear,0.061245218
181222_04l,1,0,0,,20.12.18 10:00,22.12.18 11:20,22.12.18 16:20,0,4,5.140556465,0.219008757,-1.60303396,0.204842219,0.719295909,1,linear,0.176268931
181223_01c,0,0,0,snow on crack,20.12.18 10:00,23.12.18 13:40,23.12.18 13:40,1,4,9.812494048,0.058646795,-3.32382179,0.07903269,0.98827946,1,exponential,0.198796908
181223_01i,1,1,1,overnight,22.12.18 16:50,23.12.18 05:00,01.01.01 00:00,1,1,,,,,,,,
181223_02i,1,1,1,overnight,22.12.18 16:50,23.12.18 05:00,01.01.01 00:00,1,5,,,,,,,,
181224_01i,1,1,0,,24.12.18 16:25,24.12.18 16:30,01.01.01 00:00,1,9,,,,,,,,
181224_02i,1,1,0,,24.12.18 13:55,24.12.18 14:00,01.01.01 00:00,1,5,,,,,,,,
190116_01l,1,0,0,huge avalnche in measurement location,16.01.19 07:45,16.01.19 12:15,16.01.19 15:15,0,6,14.96337745,0.348525934,0.536624602,0.486486707,0.972563283,1,asymptotic,0.225322455
190117_01i,1,1,0,,17.01.19 12:25,17.01.19 12:30,01.01.01 00:00,0,6,,,,,,,,
190118_01l,1,0,1,"overnight, bad visibility",17.01.19 09:45,18.01.19 05:00,19.01.19 16:10,0,99,,,,,,,,
190120_01l,1,0,1,crack formation overnight,17.01.19 16:25,20.01.19 05:00,20.01.19 10:40,0,1,,,,,,,,
190123_01l,1,0,1,overnight release,22.01.19 10:35,23.01.19 05:00,23.01.19 09:35,0,6,,,,,,,,
190127_01c,0,0,0,snow on crack,16.01.19 07:45,27.01.19 16:10,28.01.19 16:10,0,99,,,,,,,,
190127_02c,0,0,0,snow on crack,16.01.19 07:45,27.01.19 16:10,27.01.19 17:10,0,99,,,,,,,,
190127_03c,0,0,0,,17.01.19 16:25,27.01.19 16:10,27.01.19 17:10,0,99,,,,,,,,
190127_05c,0,0,1,crackformation overnight,20.01.19 17:20,27.01.19 05:00,27.01.19 17:10,0,99,,,,,,,,
190127_06c,0,0,0,,20.01.19 17:20,27.01.19 16:10,27.01.19 17:10,0,99,,,,,,,,
190206_01l,1,0,0,,16.01.19 07:45,06.02.19 13:50,06.02.19 15:50,0,99,,,,,,,,
190212_01c,1,0,1,"two avalanches, first overnight",19.01.19 09:40,12.02.19 05:00,12.02.19 15:20,0,99,,,,,,,,
190213_01l,1,0,0,,12.02.19 08:15,13.02.19 16:55,13.02.19 17:55,0,99,,,,,,,,
190214_01i,1,1,0,avalanche in location where there was an avalanche before,14.02.19 13:55,14.02.19 14:00,01.01.01 00:00,0,5,,,,,,,,
190216_01i,1,1,0,,16.02.19 11:35,16.02.19 11:40,01.01.01 00:00,0,6,,,,,,,,
190216_01l,1,0,0,,16.02.19 07:55,16.02.19 11:05,16.02.19 13:05,1,99,,,,,,,,
190216_02i,1,1,0,,16.02.19 12:35,16.02.19 12:40,01.01.01 00:00,0,6,,,,,,,,
190216_03i,1,1,0,,16.02.19 12:35,16.02.19 12:40,01.01.01 00:00,1,4,,,,,,,,
190216_04i,1,1,0,,16.02.19 12:40,16.02.19 12:45,01.01.01 00:00,0,6,,,,,,,,
190216_05i,1,1,0,,16.02.19 14:25,16.02.19 14:30,01.01.01 00:00,0,6,,,,,,,,
190216_06i,1,1,0,,16.02.19 14:20,16.02.19 14:25,01.01.01 00:00,1,5,,,,,,,,
190216_07i,1,1,0,,16.02.19 14:45,16.02.19 14:50,01.01.01 00:00,0,6,,,,,,,,
190217_01l,1,0,0,,12.02.19 11:35,17.02.19 13:45,17.02.19 15:45,1,99,,,,,,,,
190218_01i,1,1,0,,18.02.19 15:15,18.02.19 15:20,01.01.01 00:00,1,6,,,,,,,,
190222_01i,1,1,0,,22.02.19 13:45,22.02.19 13:50,01.01.01 00:00,1,6,,,,,,,,
190222_01l,1,0,0,,21.02.19 07:15,22.02.19 14:45,22.02.19 16:45,1,9,8.189384077,0.39253972,-3.598003033,0.643892016,0.798256376,1,asymptotic,0.129497762
190225_01l,1,0,0,two avalanches,20.02.19 16:20,25.02.19 16:20,26.02.19 17:25,1,99,,,,,,,,
190227_01l,1,0,0,,25.02.19 10:35,27.02.19 11:00,27.02.19 17:00,1,6,3.987762753,0.026175939,0.413631652,0.090601859,0.988037399,1,asymptotic,0.440817366
190311_01c,0,0,0,snow on crack,17.02.19 16:35,11.03.19 08:15,11.03.19 10:15,1,99,,,,,,,,
190328_01i,1,1,0,,28.03.19 11:30,28.03.19 11:35,01.01.01 00:00,1,6,,,,,,,,
190401_01i,1,1,0,,01.04.19 19:35,01.04.19 19:40,01.01.01 00:00,1,6,,,,,,,,
190402_01i,1,1,0,,02.04.19 18:00,02.04.19 18:05,01.01.01 00:00,1,3,,,,,,,,
191120_01i,1,1,0,,20.11.19 09:15,20.11.19 09:20,01.01.01 00:00,1,1,,,,,,,,
191120_02i,1,1,1,overnight,19.11.19 17:00,20.11.19 05:00,01.01.01 00:00,1,2,,,,,,,,
191121_01i,1,1,0,missing pictures in between,20.11.19 13:25,21.11.19 08:53,01.01.01 00:00,1,2,,,,,,,,
191123_01i,1,1,0,,23.11.19 14:40,23.11.19 14:45,01.01.01 00:00,0,3,,,,,,,,
191123_01l,1,0,0,komische ROI,23.11.19 12:20,23.11.19 13:50,23.11.19 14:45,0,1,6.963060863,0.341312287,0.292823605,0.264710095,0.962979647,1,linear,0.572426588
191123_02i,1,1,0,,23.11.19 13:45,23.11.19 13:50,01.01.01 00:00,0,4,,,,,,,,
191123_03i,1,1,0,,23.11.19 15:00,23.11.19 15:05,01.01.01 00:00,0,4,,,,,,,,
191123_04i,1,1,0,,23.11.19 15:40,23.11.19 15:45,01.01.01 00:00,0,4,,,,,,,,
191124_01i,1,1,0,,24.11.19 12:15,24.11.19 12:20,01.01.01 00:00,0,6,,,,,,,,
191124_01l,1,0,0,,24.11.19 12:20,24.11.19 16:45,25.11.19 08:50,0,6,6.349977206,0.266518102,0.323714338,0.158120028,0.917564223,1,exponential,0.07244146
191124_02i,1,1,1,,23.11.19 16:55,24.11.19 05:00,01.01.01 00:00,0,3,,,,,,,,
191124_02l,1,0,0,,24.11.19 10:35,24.11.19 11:20,24.11.19 12:05,0,4,6.0341505,0.857055296,-0.02611797,0.242305362,0.876258421,1,asymptotic,0.090553289
191124_03i,1,1,1,,23.11.19 16:55,24.11.19 05:00,01.01.01 00:00,1,1,,,,,,,,
191124_03l,1,0,0,,21.11.19 12:35,24.11.19 09:55,24.11.19 09:55,0,4,3.970396652,0.029961291,0.451845932,0.03406308,0.982323557,1,exponential,0.107786655
191124_04i,1,1,1,,23.11.19 16:55,24.11.19 05:00,01.01.01 00:00,1,1,,,,,,,,
191124_05i,1,1,1,,23.11.19 16:55,24.11.19 05:00,01.01.01 00:00,0,9,,,,,,,,
191124_06i,1,1,1,,23.11.19 16:55,24.11.19 05:00,01.01.01 00:00,0,4,,,,,,,,
191124_07i,1,1,1,,23.11.19 16:55,24.11.19 05:00,01.01.01 00:00,0,4,,,,,,,,
191125_01i,1,1,0,,25.11.19 11:15,25.11.19 11:20,01.01.01 00:00,0,6,,,,,,,,
191125_02i,1,1,0,,25.11.19 11:05,25.11.19 11:10,01.01.01 00:00,0,6,,,,,,,,
191125_03i,1,1,0,,25.11.19 10:45,25.11.19 10:50,01.01.01 00:00,0,5,,,,,,,,
191125_04i,1,1,0,,25.11.19 10:25,25.11.19 10:30,01.01.01 00:00,0,6,,,,,,,,
191125_05i,1,1,0,,25.11.19 10:15,25.11.19 10:20,01.01.01 00:00,0,6,,,,,,,,
191126_01l,1,0,0,,23.11.19 16:55,26.11.19 14:35,26.11.19 16:35,1,1,4.442334401,0.039533974,3.515008878,0.085551304,0.975433503,1,asymptotic,0.161419813
191127_01c,0,0,0,,22.11.19 15:50,27.11.19 10:15,27.11.19 10:15,0,6,5.475220928,0.02132129,-3.100929253,0.093510623,0.992310605,1,asymptotic,0.350844299
191128_01i,0,0,0,,24.11.19 13:00,28.11.19 13:45,28.11.19 13:45,0,8,12.76422321,0.123857937,0.33415927,0.066618179,0.959871319,,,
191128_02c,0,0,0,,24.11.19 13:00,28.11.19 13:45,28.11.19 13:45,1,2,8.656257012,0.022385938,-0.510210497,0.045913114,0.99703936,1,linear,0.299068386
191128_02i,0,0,0,,24.11.19 13:00,28.11.19 13:45,28.11.19 13:45,1,1,16.28734244,0.080972202,1.273732493,0.104932778,0.989145382,1,asymptotic,0.062202702
191217_01i,1,1,0,,17.12.19 10:25,17.12.19 10:30,01.01.01 00:00,0,1,,,,,,,,
191217_01l,1,0,0,,17.12.19 09:30,17.12.19 10:50,17.12.19 12:50,0,1,5.197804079,0.912912285,-0.167932231,0.203216176,0.698390678,1,asymptotic,0.048207307
191217_02i,1,1,0,,17.12.19 12:35,17.12.19 12:40,01.01.01 00:00,0,1,,,,,,,,
191218_01i,1,1,0,,17.12.19 16:50,18.12.19 07:45,01.01.01 00:00,0,2,,,,,,,,
191218_02i,1,1,0,,17.12.19 16:50,18.12.19 07:45,01.01.01 00:00,0,1,,,,,,,,
191218_03i,1,1,0,,18.12.19 15:30,18.12.19 15:35,01.01.01 00:00,0,1,,,,,,,,
191218_04i,1,1,0,,18.12.19 16:25,18.12.19 16:30,01.01.01 00:00,0,5,,,,,,,,
191220_01c,0,0,0,,18.12.19 16:10,20.12.19 16:35,20.12.19 16:35,0,8,9.671019816,0.089302811,-1.275134564,0.113447802,0.981340066,1,linear,0.3069442
191221_01i,1,1,0,,21.12.19 15:20,21.12.19 15:25,01.01.01 00:00,0,1,,,,,,,,
191225_01l,1,0,0,,24.12.19 07:45,25.12.19 15:10,25.12.19 16:30,0,1,16.54999837,0.857826882,-1.256873125,0.247017086,0.81231614,1,asymptotic,0.018025839
191228_01i,1,1,1,,27.12.19 16:55,28.12.19 05:00,01.01.01 00:00,0,6,,,,,,,,
191228_02i,1,1,0,releases directly over previous avalanche,28.12.19 09:20,28.12.19 09:25,01.01.01 00:00,0,6,,,,,,,,
191228_03i,1,1,0,releases on top of huge crack,28.12.19 13:30,28.12.19 13:35,01.01.01 00:00,0,1,,,,,,,,
191230_01i,1,1,0,,30.12.19 12:35,30.12.19 12:40,01.01.01 00:00,0,6,,,,,,,,
191230_01l,1,0,0,,29.12.19 09:00,30.12.19 13:25,30.12.19 15:25,0,5,1.485424914,0.060645457,-0.027520324,0.035486927,0.788418451,1,asymptotic,0.157745153
191231_01i,1,1,0,,31.12.19 14:55,31.12.19 15:00,01.01.01 00:00,0,6,,,,,,,,
191231_01l,1,0,0,,29.12.19 09:00,31.12.19 13:30,31.12.19 15:30,0,4,1.853060492,0.032662603,-0.730170739,0.120575938,0.92207819,,,
191231_02i,1,1,0,,31.12.19 15:05,31.12.19 15:10,01.01.01 00:00,0,6,,,,,,,,
191231_03i,1,1,0,part of 191231_1,31.12.19 14:15,31.12.19 14:20,01.01.01 00:00,0,4,,,,,,,,
191231_04i,1,1,0,,31.12.19 13:10,31.12.19 13:15,01.01.01 00:00,0,6,,,,,,,,
200101_01i,1,1,0,,01.01.20 14:45,01.01.20 14:50,01.01.01 00:00,0,6,,,,,,,,
200117_01c,0,0,0,snow on crack,30.12.19 13:30,17.01.20 17:15,17.01.20 17:15,0,3,4.534598663,0.028789388,1.122097163,0.095652103,0.923194869,1,linear,0.27739304
200117_02c,0,0,0,snow on crack,01.01.20 16:55,17.01.20 17:15,17.01.20 17:15,0,6,5.440097417,0.012016719,1.376147646,0.038658977,0.991284117,1,asymptotic,0.127327202
200117_03c,0,0,0,snow on crack,30.12.19 13:30,17.01.20 17:15,17.01.20 17:15,0,8,17.18183123,0.06359994,-10.00903387,0.26180268,0.972497468,1,asymptotic,0.177232734
200117_04c,0,0,0,snow on crack,29.12.19 09:00,17.01.20 17:15,17.01.20 17:15,0,4,6.778370164,0.008449927,-8.413189816,0.058848074,0.9965496,1,linear,0.500077101
200117_05c,0,0,0,crack started opening before,24.12.19 07:45,17.01.20 17:15,17.01.20 17:15,0,99,,,,,,,,
200203_01i,1,1,1,,02.02.20 17:40,03.02.20 05:00,01.01.01 00:00,1,3,,,,,,,,
200203_01l,1,0,0,,02.02.20 16:35,03.02.20 13:45,03.02.20 14:45,1,99,,,,,,,,
200203_02i,1,1,1,,02.02.20 17:40,03.02.20 05:00,01.01.01 00:00,1,3,,,,,,,,
200203_02l,1,0,0,,03.02.20 13:15,03.02.20 15:20,03.02.20 16:20,1,3,11.11782411,0.191770271,-0.069453342,0.052616259,0.993203442,1,linear,0.095130918
200203_03c,0,0,0,crack ,02.02.20 16:35,03.02.20 17:05,03.02.20 17:05,1,9,14.95361315,0.103184205,0.351809442,0.111704815,0.993942334,1,asymptotic,0.0573701
200203_03i,1,1,1,,02.02.20 17:40,03.02.20 05:00,01.01.01 00:00,1,8,,,,,,,,
200203_04i,1,1,0,,03.02.20 09:30,03.02.20 09:35,01.01.01 00:00,1,6,,,,,,,,
200203_05i,1,1,0,,03.02.20 12:30,03.02.20 12:35,01.01.01 00:00,1,8,,,,,,,,
200203_06i,1,1,0,,03.02.20 14:50,03.02.20 14:55,01.01.01 00:00,1,4,,,,,,,,
200217_01i,1,1,0,,17.02.20 13:50,17.02.20 13:55,01.01.01 00:00,1,1,,,,,,,,
200217_02i,1,1,0,,17.02.20 16:50,17.02.20 16:55,01.01.01 00:00,1,1,,,,,,,,
200224_01l,1,0,0,,24.02.20 12:20,24.02.20 13:45,24.02.20 15:45,1,1,4.567753089,0.242256916,0.014459524,0.047338828,0.959515357,1,asymptotic,0.056459906
200225_01c,0,0,0,"crack started opening before, difficult to see development",22.02.20 10:20,25.02.20 18:10,25.02.20 18:10,1,1,11.86075362,0.779775853,-2.20269805,0.601919081,0.314619786,,,
200312_01l,1,0,0,two small avalanches,12.03.20 08:40,12.03.20 12:45,12.03.20 18:35,1,1,6.280457113,0.121973424,0.103772585,0.089382837,0.982581358,1,exponential,0.264869304
200317_01i,1,1,0,,17.03.20 14:20,17.03.20 14:25,01.01.01 00:00,1,6,,,,,,,,
200317_02i,1,1,0,not clear if above is rock or glide crack,17.03.20 14:45,17.03.20 14:50,01.01.01 00:00,1,5,,,,,,,,
200319_01i,1,1,0,,19.03.20 13:20,19.03.20 13:25,01.01.01 00:00,1,8,,,,,,,,
200319_02i,1,1,0,,19.03.20 14:45,19.03.20 14:50,01.01.01 00:00,1,1,,,,,,,,
200319_03i,1,1,0,,19.03.20 15:15,19.03.20 15:20,01.01.01 00:00,1,1,,,,,,,,
200926_01i,1,2,0,hourly pictures,26.09.20 14:00,26.09.20 15:00,26.09.20 15:00,1,10,,,,,,,,
200927_01i,1,2,1,"overnight, hourly",26.09.20 19:00,27.09.20 05:00,27.09.20 07:00,1,99,,,,,,,,
200927_01l,1,0,0,,27.09.20 07:00,27.09.20 10:00,27.09.20 11:00,1,10,12.01874839,3.967552471,-0.400024291,0.779835646,0.901733584,1,,
200927_02i,1,2,0,hourly pictures,27.09.20 11:00,27.09.20 12:00,27.09.20 12:00,1,10,,,,,,,,
200927_02l,1,0,0,hourly pictures,26.09.20 19:00,27.09.20 10:00,27.09.20 10:00,1,10,3.869205651,0.645405937,0.151718211,0.528769129,0.947285146,1,linear,0.089309307
200927_03i,1,2,0,hourly pictures,26.09.20 19:00,27.09.20 07:00,27.09.20 07:00,1,10,,,,,,,,
200927_03l,1,0,0,hourly pictures,27.09.20 10:00,27.09.20 12:00,27.09.20 12:00,1,10,6.635104358,0,0,0,1,1,,
200927_04i,1,2,0,hourly pictures,26.09.20 19:00,27.09.20 07:00,27.09.20 07:00,1,10,,,,,,,,
200927_04l,1,0,0,hourly pictures,27.09.20 10:00,27.09.20 12:00,27.09.20 12:00,1,10,0.243553969,0,0,0,1,1,,
200927_05i,1,2,0,hourly pictures,26.09.20 19:00,27.09.20 07:00,27.09.20 07:00,1,6,,,,,,,,
200927_06i,1,2,0,hourly pictures,26.09.20 19:00,27.09.20 07:00,27.09.20 07:00,1,6,,,,,,,,
200927_07i,1,2,0,hourly pictures,27.09.20 12:00,27.09.20 13:00,27.09.20 13:00,1,10,,,,,,,,
200927_07l,1,0,0,hourly pictures,27.09.20 10:00,27.09.20 12:00,27.09.20 12:00,1,10,3.992590809,0,0,0,1,1,,
200927_08i,1,2,0,hourly pictures,27.09.20 12:00,27.09.20 13:00,27.09.20 13:00,1,6,,,,,,,,
200927_08l,1,0,0,,27.09.20 10:00,27.09.20 14:00,27.09.20 14:00,1,6,7.221298154,0.586715117,-0.036222026,0.224890457,0.986969599,1,linear,0.070436719
200927_09i,1,2,0,,27.09.20 12:00,27.09.20 13:00,27.09.20 13:00,1,10,,,,,,,,
200927_09l,1,0,0,,27.09.20 10:00,27.09.20 14:00,27.09.20 14:00,1,6,4.422110627,0.832191958,-0.260895198,0.430281017,0.933854965,1,linear,0.123791801
200927_10i,1,2,0,hourly pictures,27.09.20 16:00,27.09.20 17:00,27.09.20 17:00,1,10,,,,,,,,
200928_01i,1,2,0,hourly pictures,28.09.20 15:00,28.09.20 16:00,28.09.20 16:00,1,10,,,,,,,,
200928_01l,1,0,0,hourly pictures,27.09.20 10:00,28.09.20 12:00,28.09.20 12:00,1,10,,,,,,,,
200929_01c,0,0,0,hourly pictures,27.09.20 12:00,29.09.20 16:00,29.09.20 16:00,1,10,,,,,,,,
200929_01l,1,0,1,hourly pictures,27.09.20 14:00,29.09.20 05:00,29.09.20 10:00,1,10,,,,,,,,
200929_02c,0,0,0,after ostly melting,27.09.20 12:00,29.09.20 11:00,29.09.20 11:00,1,10,8.082141554,0.496627345,0.166390323,0.286724502,0.920095863,1,linear,0.084853652
200929_02l,1,0,0,hourly pictures,27.09.20 10:00,29.09.20 07:00,29.09.20 07:00,1,10,,,,,,,,
200929_03c,0,0,0,after mostly melting,27.09.20 13:00,29.09.20 18:00,29.09.20 18:00,1,6,7.44841247,0.138884559,-2.969400943,0.490636765,0.990017909,,,
200930_01i,1,2,1,overnight,29.09.20 09:00,30.09.20 05:00,30.09.20 07:00,1,99,,,,,,,,
200930_02i,1,2,1,,29.09.20 09:00,30.09.20 05:00,30.09.20 07:00,1,99,,,,,,,,
200930_03i,1,2,1,,29.09.20 09:00,30.09.20 05:00,30.09.20 07:00,1,99,,,,,,,,
200930_04i,1,2,1,,29.09.20 09:00,30.09.20 05:00,30.09.20 07:00,1,99,,,,,,,,
200930_05i,1,2,1,,29.09.20 09:00,30.09.20 05:00,30.09.20 07:00,1,99,,,,,,,,
200930_06i,1,2,1,,29.09.20 09:00,30.09.20 05:00,30.09.20 07:00,1,99,,,,,,,,
200930_07i,1,2,1,,29.09.20 09:00,30.09.20 05:00,30.09.20 07:00,1,99,,,,,,,,
200930_08i,1,2,1,,29.09.20 09:00,30.09.20 05:00,30.09.20 07:00,1,99,,,,,,,,
200930_09i,1,2,1,,29.09.20 09:00,30.09.20 05:00,30.09.20 07:00,1,99,,,,,,,,
200930_10i,1,2,0,,30.09.20 08:00,30.09.20 09:00,30.09.20 09:00,1,99,,,,,,,,
200930_11i,1,2,0,,30.09.20 08:00,30.09.20 09:00,30.09.20 09:00,1,99,,,,,,,,
200930_12i,1,2,0,,30.09.20 08:00,30.09.20 09:00,30.09.20 09:00,1,99,,,,,,,,
201027_01i,1,2,0,,27.10.20 08:00,27.10.20 09:00,27.10.20 09:00,1,10,,,,,,,,
201027_01l,1,0,0,hourly pictures,27.10.20 08:00,27.10.20 12:00,27.10.20 12:00,1,10,9.744413976,1.080924667,0.053660181,0.49769803,0.975981225,1,linear,0.232383595
201027_02i,1,2,0,hourly pictures,27.10.20 09:00,27.10.20 10:00,27.10.20 10:00,1,10,,,,,,,,
201027_03i,1,2,0,hourly pictures,27.10.20 09:00,27.10.20 10:00,27.10.20 10:00,1,10,,,,,,,,
201028_01i,1,2,0,hourly pictures,28.10.20 13:00,28.10.20 14:00,28.10.20 14:00,1,10,,,,,,,,
201028_01l,1,0,0,hourly pictures,27.10.20 08:00,28.10.20 11:00,28.10.20 17:00,1,10,6.4106438,1.502107407,1.907579345,0.900730045,0.62346603,1,asymptotic,0.148355099
201028_02i,1,2,0,hourly pictures,28.10.20 13:00,28.10.20 14:00,28.10.20 14:00,1,10,,,,,,,,
201028_03i,1,2,0,hourly pictures,28.10.20 13:00,28.10.20 14:00,28.10.20 14:00,1,10,,,,,,,,
201028_04i,1,2,0,hourly pictures,28.10.20 11:00,28.10.20 12:00,28.10.20 12:00,1,10,,,,,,,,
201028_05i,1,2,0,hourly pictures,28.10.20 11:00,28.10.20 12:00,28.10.20 12:00,1,10,,,,,,,,
201028_06i,1,2,0,hourly pictures,28.10.20 11:00,28.10.20 12:00,28.10.20 12:00,1,10,,,,,,,,
201028_07i,1,2,0,hourly pictures,28.10.20 12:00,28.10.20 13:00,28.10.20 13:00,1,10,,,,,,,,
201028_08i,1,2,0,hourly pictures,28.10.20 12:00,28.10.20 13:00,28.10.20 13:00,1,10,,,,,,,,
201028_09i,1,2,0,hourly pictures,28.10.20 12:00,28.10.20 13:00,28.10.20 13:00,1,10,,,,,,,,
201030_01c,0,0,0,after mostly melting,28.10.20 11:00,30.10.20 08:00,30.10.20 08:00,1,10,7.531686442,0.492450097,1.203767495,0.434668563,0.928547623,1,linear,0.200160154
201030_01l,1,0,1,,28.10.20 12:00,30.10.20 05:00,30.10.20 07:00,1,10,,,,,,,,
201212_01c,0,0,0,snow on crack,11.12.20 11:40,12.12.20 16:40,12.12.20 16:40,0,1,9.520888519,0.19425835,-0.172432789,0.233266836,0.934270013,1,exponential,0.034192005
201214_01i,1,1,0,,14.12.20 13:20,14.12.20 13:25,14.12.20 13:25,0,6,,,,,,,,
201214_02i,1,1,0,,14.12.20 11:40,14.12.20 11:45,14.12.20 11:45,0,2,,,,,,,,
201214_03i,1,1,0,,14.12.20 12:00,14.12.20 12:25,14.12.20 12:25,0,4,,,,,,,,
201214_04i,1,1,0,,14.12.20 13:50,14.12.20 13:55,14.12.20 13:55,0,5,,,,,,,,
201215_01i,1,1,0,,15.12.20 10:30,15.12.20 10:40,15.12.20 10:40,1,99,,,,,,,,
201215_01l,1,0,1,,14.12.20 15:05,15.12.20 05:00,15.12.20 08:40,1,1,,,,,,,,
201215_02i,1,1,0,,15.12.20 11:30,15.12.20 11:35,15.12.20 11:35,0,6,,,,,,,,
201215_03i,1,1,0,,15.12.20 12:30,15.12.20 12:35,15.12.20 12:35,0,5,,,,,,,,
201215_04i,1,1,0,,15.12.20 12:35,15.12.20 12:40,15.12.20 12:40,0,6,,,,,,,,
201216_01i,1,1,0,above previous glide area,16.12.20 13:05,16.12.20 13:10,16.12.20 13:10,0,6,,,,,,,,
201216_01l,1,0,0,,15.12.20 13:35,16.12.20 10:30,16.12.20 14:05,1,4,2.891872121,0.040074365,0.508619306,0.044019009,0.986362209,1,asymptotic,0.03095113
201223_01c,0,0,0,snow on crack,14.12.20 16:35,23.12.20 16:25,23.12.20 16:25,1,9,3.318053249,0.048977201,3.803197035,0.070152934,0.82360251,1,linear,0.205014503
210223_01i,1,1,0,,23.02.21 16:20,23.02.21 16:25,23.02.21 16:25,1,2,,,,,,,,
210223_02i,1,1,0,,23.02.21 15:45,23.02.21 15:50,23.02.21 15:50,0,6,,,,,,,,
210223_03i,1,1,0,,23.02.21 14:00,23.02.21 14:05,23.02.21 14:05,0,6,,,,,,,,
210224_01i,1,1,0,,24.02.21 12:55,24.02.21 13:00,24.02.21 13:00,1,5,,,,,,,,
210224_01l,1,0,0,,23.02.21 11:20,24.02.21 08:50,24.02.21 12:30,1,3,5.105996494,0.028498764,-0.320095113,0.022800691,0.996708718,1,exponential,0.042555842
210224_02i,1,1,0,,24.02.21 14:00,24.02.21 14:05,24.02.21 14:05,1,1,,,,,,,,
210224_03i,1,1,0,above previous glide area,24.02.21 13:05,24.02.21 13:10,24.02.21 13:10,1,5,,,,,,,,
210224_04i,1,1,0,,24.02.21 14:20,24.02.21 14:25,24.02.21 14:25,1,10,,,,,,,,
210225_01i,1,1,0,,25.02.21 12:45,25.02.21 12:50,25.02.21 12:50,1,6,,,,,,,,
210225_02i,1,1,0,,25.02.21 13:25,25.02.21 13:30,25.02.21 13:30,1,6,,,,,,,,
210225_03i,1,1,0,above previous glide area,25.02.21 13:15,25.02.21 13:20,25.02.21 13:20,1,2,,,,,,,,
210227_01l,1,0,0,,24.02.21 11:10,27.02.21 16:55,28.02.21 10:55,1,99,,,,,,,,
210311_01c,0,0,0,snow on crack,24.02.21 11:10,11.03.21 18:30,11.03.21 18:30,1,6,5.90441535,0.019199059,1.461330119,0.026503231,0.978481013,1,asymptotic,0.046131866
210311_02c,0,0,0,snow on crack,25.02.21 10:45,11.03.21 18:30,11.03.21 18:30,1,1,4.576391188,0.020445302,-0.060029587,0.042559711,0.962593287,1,linear,0.120620849
210311_03c,0,0,0,snow on crack,28.02.21 09:05,11.03.21 18:30,11.03.21 18:30,1,1,6.94920064,0.016137631,-3.136904369,0.044606144,0.991259925,1,asymptotic,0.142235347
211105_01i,1,2,1,hourly pictures,04.11.21 17:00,05.11.21 05:00,05.11.21 07:00,1,99,,,,,,,,
211105_02i,1,2,1,hourly pictures,04.11.21 17:00,05.11.21 05:00,05.11.21 07:00,1,99,,,,,,,,
211105_03i,1,2,0,,05.11.21 11:00,05.11.21 12:00,05.11.21 12:00,1,5,,,,,,,,
211106_01i,1,2,1,,05.11.21 17:00,06.11.21 05:00,06.11.21 07:00,0,99,,,,,,,,
211106_01l,1,0,0,,05.11.21 17:00,06.11.21 12:00,06.11.21 15:00,0,6,9.393316169,0.52027596,0.036138579,0.203652025,0.987877485,1,exponential,0.02881829
211106_02i,1,2,0,hourly pictures,06.11.21 10:00,06.11.21 11:00,06.11.21 11:00,0,6,,,,,,,,
211106_03i,1,2,0,hourly pictures,06.11.21 10:00,06.11.21 11:00,06.11.21 11:00,0,6,,,,,,,,
211106_04i,1,2,0,,06.11.21 11:00,06.11.21 12:00,06.11.21 12:00,0,6,,,,,,,,
211106_05i,1,2,0,,06.11.21 11:00,06.11.21 12:00,06.11.21 12:00,0,5,,,,,,,,
211106_06i,1,2,0,,06.11.21 12:00,06.11.21 13:00,06.11.21 13:00,0,10,,,,,,,,
211106_07i,1,2,0,,06.11.21 12:00,06.11.21 13:00,06.11.21 13:00,0,6,,,,,,,,
211106_08i,1,2,0,,06.11.21 12:00,06.11.21 13:00,06.11.21 13:00,0,6,,,,,,,,
211107_01i,1,2,0,,07.11.21 12:00,07.11.21 13:00,07.11.21 13:00,0,10,,,,,,,,
211107_02i,1,2,0,,07.11.21 12:00,07.11.21 13:00,07.11.21 13:00,0,10,,,,,,,,
211107_03i,1,2,0,,07.11.21 12:00,07.11.21 13:00,07.11.21 13:00,0,6,,,,,,,,
211108_01c,0,0,0,"mainly melting after, crane",04.11.21 17:00,08.11.21 16:00,08.11.21 16:00,0,6,11.48893153,0.105450345,-0.029952972,0.08725089,0.996557903,1,asymptotic,0.081990988
211108_01i,1,2,0,,08.11.21 12:00,08.11.21 12:00,08.11.21 12:00,0,99,,,,,,,,
211108_02i,1,2,0,,08.11.21 13:00,08.11.21 14:00,08.11.21 14:00,0,6,,,,,,,,
211110_01c,0,0,0,"mainly melting after, crane",05.11.21 07:00,10.11.21 13:00,10.11.21 15:00,1,10,13.60353217,0.249551817,1.733774063,0.88857571,0.980531537,1,linear,0.508016811
211115_01i,1,2,1,,14.11.21 17:00,15.11.21 05:00,15.11.21 08:00,1,99,,,,,,,,
211115_02i,1,0,0,,14.11.21 17:00,15.11.21 12:00,15.11.21 12:00,1,99,,,,,,,,
211115_03i,1,2,0,,14.11.21 17:00,15.11.21 12:00,15.11.21 12:00,1,99,,,,,,,,
211116_01i,1,2,0,,16.11.21 11:00,16.11.21 12:00,16.11.21 12:00,1,99,,,,,,,,
211117_01c,0,0,0,mainly melting after,15.11.21 08:00,17.11.21 15:00,17.11.21 16:00,1,99,,,,,,,,
211117_01l,1,0,0,mainly melting after,14.11.21 12:00,17.11.21 08:00,17.11.21 10:00,1,99,,,,,,,,
211211_01i,1,2,0,houly picture crane,11.12.21 14:00,11.12.21 15:00,13.12.21 11:00,0,1,,,,,,,,
211213_01l,1,0,0,hourly pictures,12.12.21 12:00,13.12.21 12:00,14.12.21 10:00,0,1,5.255718018,1.393022394,-0.370586196,1.02610711,0.670350683,1,asymptotic,0.060797127
211213_02l,1,0,0,hourly pictures,12.12.21 12:00,13.12.21 10:00,13.12.21 16:00,0,5,2.10697379,0.091463229,-0.150938467,0.211670585,0.990665909,1,asymptotic,0.212563101
211215_01i,1,2,0,HOURly pictures,15.12.21 13:00,15.12.21 14:00,15.12.21 14:00,1,5,,,,,,,,
211215_01l,1,0,0,hourly pictures,15.12.21 13:00,15.12.21 15:00,16.12.21 08:00,0,4,2.701644471,0,-2.22E-16,0,1,1,,
211215_02i,1,2,0,hourly pictures,15.12.21 15:00,15.12.21 16:00,15.12.21 16:00,0,6,,,,,,,,
211215_03i,1,2,0,hourly pictures,15.12.21 14:00,15.12.21 15:00,15.12.21 15:00,0,4,,,,,,,,
211216_01i,1,2,0,hourly pictures,16.12.21 12:00,16.12.21 13:00,16.12.21 13:00,0,6,,,,,,,,
220316_01i,1,1,0,,16.03.22 10:35,16.03.22 10:40,16.03.22 11:55,1,1,,,,,,,,
220316_01l,1,0,0,very low snow height (max 10cm from field observations),15.03.22 18:05,16.03.22 11:55,16.03.22 13:20,1,1,6.397368202,0.202240423,-0.535313323,0.068551623,0.935490773,1,exponential,0.036272549
220316_02i,1,1,0,,16.03.22 11:50,16.03.22 11:55,16.03.22 13:20,1,10,,,,,,,,
220316_02l,1,0,0,avlanche subsequent to 220316_01l,15.03.22 18:05,16.03.22 12:55,16.03.22 13:20,1,1,3.999432219,0.130358732,0.313142988,0.058252374,0.920764944,1,exponential,0.072748309
220316_03i,1,1,0,,16.03.22 13:40,16.03.22 13:45,16.03.22 15:05,1,3,,,,,,,,
220316_03l,1,0,0,,16.03.22 10:05,16.03.22 13:15,16.03.22 15:05,1,4,6.604434076,0.721879333,-0.691186747,0.242319939,0.699256132,1,asymptotic,0.024437858
220317_02i,1,1,0,,17.03.22 12:15,17.03.22 12:20,17.03.22 13:15,1,1,,,,,,,,
220317_02l,1,0,0,,17.03.22 11:30,17.03.22 12:45,17.03.22 12:45,1,6,2.507791584,0.060018253,0.012795406,0.017495765,0.992608963,1,asymptotic,0.051815998
220317_03i,1,1,0,,17.03.22 13:15,17.03.22 13:20,17.03.22 15:05,1,6,,,,,,,,
220317_03l,1,0,0,avalanche below rocks that have seen melting right before,16.03.22 10:00,17.03.22 15:25,17.03.22 18:20,1,3,3.575293878,0.024201172,-0.41633056,0.020483912,0.990694432,,,
220317_04i,1,1,0,,17.03.22 11:55,17.03.22 12:00,17.03.22 18:20,1,10,,,,,,,,
220317_04l,1,0,0,avalanche above crack,16.03.22 11:35,17.03.22 12:20,17.03.22 15:05,1,2,6.219785761,0.244922102,-1.114295295,0.096344723,0.812319816,1,exponential,0.035291877
220317_05i,1,1,0,,17.03.22 15:00,17.03.22 15:05,17.03.22 18:20,1,6,,,,,,,,
220320_01c,0,0,0,more meling than gliding after,15.03.22 13:40,20.03.22 14:00,20.03.22 14:00,1,99,,,,,,,,
220320_02c,0,0,0,more meling than gliding after,17.03.22 13:55,20.03.22 14:00,20.03.22 14:00,1,1,8.966440393,0.082797387,-0.264837794,0.078685228,0.975057241,1,linear,0.115558292